Data;Débito;Crédito;Valor;Histórico;Complemento
11/04/2025;162;5;6.280,02;;Pagto Rescisão Lauro
11/04/2025;7;617;6.000,00;;TRANSFERÊNCIA ENTRE CONTAS
02/01/2025;776;795;20.749,98;;AJUSTE
27/02/2025;802;291;34,58;;RENDIMENTOS APLIC FINANCEIRA
03/02/2025;802;795;1.701,57;;APLICAÇÃO FINANCEIRA
31/12/2025;483;117;139,41;;DEPRECIAÇÃO MOVEIS E UTENSILIOS
31/12/2025;483;116;4.320,31;;DEPRECIAÇÃO MAQUINAS E EQUIPAMENTOS
31/12/2025;468;179;1.275,07;;FGTS
31/12/2025;468;178;1.513,72;;FGTS
31/12/2025;459;177;12.581,73;;FERIAS
31/12/2025;460;176;19.463,50;;13 SALARIO
20/11/2025;184;171;347,14;;PAGTO IRRF
20/10/2025;184;171;347,14;;PAGTO IRRF
19/09/2025;184;171;171,37;;PAGTO IRRF
20/08/2025;184;171;228,5;;PAGTO IRRF
20/07/2025;184;171;347,14;;PAGTO IRRF
20/06/2025;184;171;423,84;;PAGTO IRRF
20/05/2025;184;171;316,75;;PAGTO IRRF
20/04/2025;184;171;330,61;;PAGTO IRRF
20/03/2025;184;171;330,61;;PAGTO IRRF
20/02/2025;184;171;67,8;;PAGTO IRRF
17/01/2025;184;5;603,26;;PAGTO IRRF 12/2024
17/01/2025;171;5;1.476,29;;PAGTO INSS 12/2024
16/07/2025;468;172;255,63;;FGTS
18/06/2025;172;5;31,5;;PAGTO FGTS
04/04/2025;179;172;240,7;;FGTS mês anterior folha (GRRF) 04/2025 col.:14 - LAURO TEIXEIRA RODH
20/12/2025;38;460;1.014,13;;59105 - Desc. 13º sal. sit. auxílio doença 12/2025 col.:9 - TATIANE DA SILVA NUNES BARBOSA
07/11/2025;456;160;72,27;;PGTO SALARIO
05/06/2025;160;5;838,14;;PAGAMENTO DE SALARIOS COMPLEMENTAR
02/01/2025;160;5;81,89;;PAGAMENTO DE SALARIOS
08/10/2025;615;776;19.722,66;;RESGATE AUTOMATICO
18/12/2025;812;814;1.971,22;;RESGATE AUTOMATICO
03/12/2025;812;814;1.383,46;;RESGATE AUTOMATICO
01/12/2025;812;814;528;;RESGATE AUTOMATICO
28/11/2025;812;814;1.055,36;;RESGATE AUTOMATICO
19/11/2025;812;814;1.190,16;;RESGATE AUTOMATICO
17/11/2025;812;814;316,8;;RESGATE AUTOMATICO
07/11/2025;812;814;1.383,46;;RESGATE AUTOMATICO
02/12/2025;7;12;70,6;;BB RENDE FACIL
27/10/2025;565;810;10;;Tarifa Bancaria
06/10/2025;565;810;11;;TAR. AGRUPADAS
18/12/2025;810;811;661,92;;RESGATE BB CDB
18/12/2025;810;811;6.000,00;;RESGATE BB CDB
15/12/2025;810;811;105,54;;RESGATE BB CDB
15/12/2025;810;811;1.000,00;;RESGATE BB CDB
04/12/2025;810;811;153,36;;RESGATE BB CDB
04/12/2025;810;811;1.500,00;;RESGATE BB CDB
03/12/2025;810;811;457,92;;RESGATE BB CDB
03/12/2025;810;811;4.500,00;;RESGATE BB CDB
21/11/2025;810;811;343;;RESGATE BB CDB
21/11/2025;810;811;3.500,00;;RESGATE BB CDB
19/11/2025;810;811;195,04;;RESGATE BB CDB
19/11/2025;810;811;2.000,00;;RESGATE BB CDB
17/11/2025;810;811;193,12;;RESGATE BB CDB
17/11/2025;810;811;2.000,00;;RESGATE BB CDB
27/10/2025;810;811;134,34;;RESGATE BB CDB
27/10/2025;810;811;1.500,00;;RESGATE BB CDB
14/10/2025;810;811;170,76;;RESGATE BB CDB
14/10/2025;810;811;2.000,00;;RESGATE BB CDB
06/10/2025;810;811;123,9;;RESGATE BB CDB
06/10/2025;810;811;1.500,00;;RESGATE BB CDB
14/11/2025;617;793;100;;CAMISETAS
06/11/2025;617;308;2.100,00;;Doações
03/11/2025;617;308;2.169,00;;Doações
03/11/2025;617;308;1.500,00;;Doações
20/10/2025;704;617;645;;ATIVA MEDICINA
20/10/2025;474;617;1.451,16;;CORSAN
13/10/2025;83;617;500;;ACORDO TRABALHISTA
20/10/2025;812;814;1.190,16;;RESGATE AUTOMATICO
03/10/2025;812;814;1.383,46;;RESGATE AUTOMATICO
01/10/2025;812;814;809,6;;RESGATE AUTOMATICO
31/07/2025;617;793;240;;CONVITE
31/07/2025;617;793;60;;CONVITE
31/07/2025;617;793;120;;CONVITE
31/07/2025;617;793;120;;CONVITE
24/09/2025;810;811;39,46;;RESGATE BB CDB
24/09/2025;810;811;500;;RESGATE BB CDB
15/09/2025;810;811;113,55;;RESGATE BB CDB
15/09/2025;810;811;1.500,00;;RESGATE BB CDB
12/09/2025;810;811;150,48;;RESGATE BB CDB
12/09/2025;810;811;2.000,00;;RESGATE BB CDB
03/09/2025;810;811;72,04;;RESGATE BB CDB
03/09/2025;810;811;1.000,00;;RESGATE BB CDB
01/09/2025;810;811;35,33;;RESGATE BB CDB
02/09/2025;7;12;68,4;;BB RENDE FACIL
19/09/2025;812;814;1.190,16;;RESGATE AUTOMATICO
03/09/2025;812;814;1.383,46;;RESGATE AUTOMATICO
01/09/2025;812;814;774,4;;RESGATE AUTOMATICO
01/09/2025;465;812;387,2;;VALE TRANSPORTE
01/12/2025;565;615;60;;RENOVAÇÃO DE CADASTRO
01/12/2025;617;793;122,17;;TROCO SOLIDÁRIO
01/12/2025;617;786;50;;MENSALIDADE
01/12/2025;617;793;50;;CAMISETAS
01/12/2025;617;786;200;;MENSALIDADE
01/12/2025;489;617;4.950,00;;CONFECÇÃO CAMISETAS
01/12/2025;617;793;1.250,00;;CAMISETAS
01/12/2025;465;617;264;;VALE TRANSPORTE
01/12/2025;465;617;262,5;;VALE TRANSPORTE
01/12/2025;465;617;264;;VALE TRANSPORTE
01/12/2025;465;617;264;;VALE TRANSPORTE
01/12/2025;617;308;100;;DOAÇÕES
01/12/2025;617;308;2.100,00;;DOAÇÕES
01/12/2025;617;308;100;;DOAÇÕES
01/12/2025;617;308;2.200,00;;DOAÇÕES
01/12/2025;617;308;500;;DOAÇÕES
01/12/2025;465;812;264;;VALE TRANSPORTE
01/12/2025;465;812;264;;VALE TRANSPORTE
02/12/2025;617;793;2.000,00;;NF GAUCHA
02/12/2025;617;793;120;;COPA
02/12/2025;565;7;70,6;;DESPESAS BANCARIAS
03/12/2025;617;793;733,65;;TROCO SOLIDÁRIO
03/12/2025;475;617;347,6;;CEEE
03/12/2025;160;812;709,21;;PAGAMENTO DE SALARIO
03/12/2025;160;812;674,25;;PAGAMENTO DE SALARIO
03/12/2025;160;810;1.494,30;;PAGAMENTO DE SALARIO
03/12/2025;160;810;846,8;;PAGAMENTO DE SALARIO
03/12/2025;160;810;1.052,42;;PAGAMENTO DE SALARIO
03/12/2025;160;810;839,21;;PAGAMENTO DE SALARIO
03/12/2025;160;810;800,73;;PAGAMENTO DE SALARIO
03/12/2025;565;810;44,6;;TAR. AGRUPADAS
04/12/2025;160;810;2.187,75;;PAGAMENTO DE SALARIO
03/12/2025;565;810;10;;TAR. AGRUPADAS
03/12/2025;480;5;101,65;;CASA DO PAPEL
03/12/2025;500;5;330,51;;DISPÊNDIOS COM ALIMENTAÇÃO
04/12/2025;617;793;180;;COPA
04/12/2025;617;793;120;;COPA
08/12/2025;617;793;50;;CAMISETAS
08/12/2025;617;793;1.800,00;;COPA
08/12/2025;617;793;90;;COPA
08/12/2025;617;793;1.219,72;;TROCO SOLIDÁRIO
09/12/2025;617;793;569,59;;TROCO SOLIDÁRIO
09/12/2025;617;793;30;;COPA
09/12/2025;617;793;30;;COPA
09/12/2025;617;793;60;;COPA
09/12/2025;617;308;70;;DOAÇÕES
10/12/2025;617;793;100;;CAMISETAS
10/12/2025;617;793;784,4;;TROCO SOLIDÁRIO
10/12/2025;714;617;178,82;;L I G SEGURANÇA
10/12/2025;480;617;180;;TONNER
10/12/2025;565;617;29;;CESTA DE RELACIONAMENTO
10/12/2025;617;793;100;;CAMISETAS
10/12/2025;617;793;50;;CAMISETAS
11/12/2025;617;793;150;;CAMISETAS
11/12/2025;617;793;60;;COPA
11/12/2025;617;793;120;;COPA
11/12/2025;617;793;100;;CAMISETAS
12/12/2025;83;617;500;;ACORDO TRABALHISTA
12/12/2025;83;617;500;;ACORDO TRABALHISTA
12/12/2025;83;617;500;;ACORDO TRABALHISTA
12/12/2025;83;617;500;;ACORDO TRABALHISTA
12/12/2025;83;617;500;;ACORDO TRABALHISTA
12/12/2025;83;617;500;;ACORDO TRABALHISTA
12/12/2025;83;617;500;;ACORDO TRABALHISTA
12/12/2025;83;617;500;;ACORDO TRABALHISTA
12/12/2025;478;617;400;;COPA
12/12/2025;565;617;9;;DOC/TED INTERNET PJ
12/12/2025;565;617;9;;DOC/TED INTERNET PJ
12/12/2025;565;617;9;;DOC/TED INTERNET PJ
12/12/2025;565;617;9;;DOC/TED INTERNET PJ
12/12/2025;565;617;9;;DOC/TED INTERNET PJ
15/12/2025;617;793;120;;COPA
15/12/2025;617;793;30;;COPA
15/12/2025;617;793;60;;COPA
15/12/2025;617;793;30;;COPA
15/12/2025;617;793;120;;COPA
15/12/2025;617;793;180;;COPA
15/12/2025;617;793;10;;COPA
15/12/2025;617;793;15;;COPA
15/12/2025;617;793;5;;COPA
15/12/2025;617;793;5;;COPA
15/12/2025;617;793;60;;COPA
15/12/2025;617;793;10;;COPA
15/12/2025;617;793;120;;COPA
15/12/2025;617;793;120;;COPA
15/12/2025;617;793;120;;COPA
15/12/2025;617;793;300;;COPA
15/12/2025;489;617;62,5;;ATIVA MEDICINA
15/12/2025;489;617;231,13;;ATIVA MEDICINA
15/12/2025;704;617;645;;HONORÁRIOS CONTÁBEIS
15/12/2025;489;617;4.950,00;;CONFECÇÃO CAMISETAS
15/12/2025;478;617;450;;MATERIAL DE EXPEDIENTE
15/12/2025;478;617;23,97;;COPA
15/12/2025;815;617;1.100,00;;DEMAIS DESPESAS
15/12/2025;807;617;139,9;;INTERNET
15/12/2025;498;810;216,89;;ALIMENTAÇÃO
15/12/2025;498;810;367,94;;ALIMENTAÇÃO
15/12/2025;498;810;425,51;;ALIMENTAÇÃO
15/12/2025;565;810;9,99;;TAR. AGRUPADAS
16/12/2025;617;308;820;;DOAÇÕES
16/12/2025;617;793;180;;COPA
16/12/2025;617;793;630;;COPA
16/12/2025;617;793;120;;CAMISETAS
18/12/2025;163;617;1.359,80;;PAGAMENTO 13º SALARIO
18/12/2025;163;617;648,19;;PAGAMENTO 13º SALARIO
18/12/2025;163;617;1.683,40;;PAGAMENTO 13º SALARIO
18/12/2025;163;617;960,9;;PAGAMENTO 13º SALARIO
18/12/2025;163;617;402,28;;PAGAMENTO 13º SALARIO
18/12/2025;163;617;648,19;;PAGAMENTO 13º SALARIO
18/12/2025;617;308;2.000,00;;DOAÇÕES
18/12/2025;617;308;100;;DOAÇÕES
18/12/2025;489;617;600;;SERVIÇOS DE TERCEIROS PESSOA JURÍDICA
18/12/2025;172;617;1.653,38;;FGTS
18/12/2025;617;793;660;;COPA
18/12/2025;617;793;20;;COPA
18/12/2025;617;793;20;;COPA
18/12/2025;617;793;45;;COPA
18/12/2025;163;812;486,22;;PAGAMENTO DE SALARIO
18/12/2025;163;812;410,84;;PAGAMENTO DE SALARIO
18/12/2025;160;812;610,16;;PAGAMENTO DE SALARIO
18/12/2025;160;812;464;;PAGAMENTO DE SALARIO
18/12/2025;160;810;2.017,38;;PAGAMENTO DE SALARIO
18/12/2025;160;810;405,65;;PAGAMENTO DE SALARIO
18/12/2025;160;810;610,16;;PAGAMENTO DE SALARIO
18/12/2025;160;810;1.344,92;;PAGAMENTO DE SALARIO
18/12/2025;160;810;610,16;;PAGAMENTO DE SALARIO
18/12/2025;160;810;915,24;;PAGAMENTO DE SALARIO
18/12/2025;565;810;45,15;;TAR. AGRUPADAS
19/12/2025;617;793;212,8;;COPA
19/12/2025;617;793;24;;COPA
19/12/2025;171;617;1.453,99;;DARF/IRRF
19/12/2025;617;793;33;;COPA
19/12/2025;617;793;240;;COPA
22/12/2025;617;793;240;;COPA
22/12/2025;617;308;50;;DOAÇÕES
22/12/2025;474;617;137,49;;CORSAN
22/12/2025;617;308;100;;DOAÇÕES
22/12/2025;810;809;1.025,03;;PROJETO DANRLEI
22/12/2025;810;809;3.073,36;;PROJETO DANRLEI
26/12/2025;617;308;480;;DOAÇÕES
29/12/2025;617;793;86,54;;TROCO SOLIDÁRIO
03/11/2025;617;786;200;;MENSALIDADE
03/11/2025;617;793;250;;PATROCINIO
03/11/2025;5;793;1.500,00;;CONVITE/PATROCINIO COSTELÃO
03/11/2025;5;793;2.169,00;;CONVITE/PATROCINIO COSTELÃO
03/11/2025;465;617;175;;VALE TRANSPORTE
03/11/2025;465;617;176;;VALE TRANSPORTE
03/11/2025;465;617;176;;VALE TRANSPORTE
03/11/2025;465;617;176;;VALE TRANSPORTE
03/11/2025;465;617;176;;VALE TRANSPORTE
03/11/2025;465;617;176;;VALE TRANSPORTE
03/11/2025;617;793;250;;PATROCINIO
03/11/2025;480;5;57,98;;CASA DO PAPEL
05/11/2025;617;793;806,64;;TROCO SOLIDÁRIO
05/11/2025;617;793;50;;CAMISETAS
05/11/2025;617;793;50;;CAMISETAS
05/11/2025;617;793;250;;PATROCINIO
05/11/2025;5;786;100;;MENSALIDADE
05/11/2025;480;5;69,99;;CASA DO PAPEL
05/11/2025;478;5;100;;MATERIAL DE CONSUMO
06/11/2025;617;793;1.339,64;;TROCO SOLIDÁRIO
06/11/2025;617;793;50;;CAMISETAS
06/11/2025;478;617;600;;MATERIAL DE CONSUMO
06/11/2025;617;793;50;;CAMISETAS
06/11/2025;617;793;10;;BRECHÓ
06/11/2025;617;793;10;;BRECHÓ
06/11/2025;617;793;50;;CAMISETAS
06/11/2025;617;793;50;;CAMISETAS
06/11/2025;617;793;150;;CAMISETAS
06/11/2025;617;793;50;;CAMISETAS
06/11/2025;617;793;100;;CAMISETAS
06/11/2025;617;793;100;;CAMISETAS
07/11/2025;617;793;50;;CAMISETAS
07/11/2025;617;793;50;;CAMISETAS
07/11/2025;617;793;50;;CAMISETAS
07/11/2025;617;308;70;;DOAÇÕES
07/11/2025;475;617;322,82;;CEEE
07/11/2025;160;617;873;;PGTO SALARIO
07/11/2025;160;617;2.187,75;;PGTO SALARIO
07/11/2025;160;617;846,8;;PGTO SALARIO
07/11/2025;160;617;1.494,30;;PGTO SALARIO
07/11/2025;160;617;839,21;;PGTO SALARIO
07/11/2025;160;617;1.052,42;;PGTO SALARIO
07/11/2025;617;308;1.300,00;;DOAÇÕES
07/11/2025;617;793;50;;CAMISETAS
07/11/2025;160;812;709,21;;PAGAMENTO DE SALARIO
07/11/2025;160;812;674,25;;PAGAMENTO DE SALARIO
10/11/2025;617;793;500;;PATROCINIO
10/11/2025;617;793;100;;CAMISETAS
10/11/2025;617;793;50;;CAMISETAS
10/11/2025;617;793;50;;CAMISETAS
10/11/2025;617;793;657,46;;TROCO SOLIDÁRIO
10/11/2025;617;793;100;;CAMISETAS
10/11/2025;480;617;180;;TONNER
10/11/2025;714;617;178,82;;L I G SEGURANÇA
10/11/2025;565;617;29;;CESTA DE RELACIONAMENTO
10/11/2025;617;793;701,75;;TROCO SOLIDÁRIO
10/11/2025;617;793;50;;CAMISETAS
11/11/2025;617;793;1.500,00;;NF GAUCHA
11/11/2025;617;793;100;;CAMISETAS
11/11/2025;617;793;50;;CAMISETAS
11/11/2025;617;793;50;;CAMISETAS
11/11/2025;617;793;100;;CAMISETAS
11/11/2025;617;793;250;;PATROCINIO
11/11/2025;617;793;250;;PATROCINIO
11/11/2025;617;793;250;;PATROCINIO
11/11/2025;617;793;100;;CAMISETAS
12/11/2025;617;793;150;;CAMISETAS
12/11/2025;617;793;50;;CAMISETAS
12/11/2025;617;793;50;;CAMISETAS
12/11/2025;83;617;500;;ACORDO TRABALHISTA
12/11/2025;83;617;500;;ACORDO TRABALHISTA
12/11/2025;83;617;500;;ACORDO TRABALHISTA
12/11/2025;83;617;500;;ACORDO TRABALHISTA
12/11/2025;83;617;500;;ACORDO TRABALHISTA
12/11/2025;83;617;500;;ACORDO TRABALHISTA
12/11/2025;83;617;500;;ACORDO TRABALHISTA
12/11/2025;83;617;500;;ACORDO TRABALHISTA
12/11/2025;565;617;9;;DOC/TED INTERNET PJ
12/11/2025;565;617;9;;DOC/TED INTERNET PJ
12/11/2025;565;617;9;;DOC/TED INTERNET PJ
12/11/2025;565;617;9;;DOC/TED INTERNET PJ
12/11/2025;565;617;9;;DOC/TED INTERNET PJ
12/11/2025;478;5;90;;MATERIAL DE CONSUMO
13/11/2025;617;793;250;;PATROCINIO
13/11/2025;617;793;50;;CAMISETAS
13/11/2025;617;793;250;;PATROCINIO
13/11/2025;617;793;50;;CAMISETAS
13/11/2025;617;793;200;;CAMISETAS
13/11/2025;617;793;50;;CAMISETAS
13/11/2025;617;793;100;;CAMISETAS
13/11/2025;617;793;50;;CAMISETAS
13/11/2025;617;793;50;;CAMISETAS
14/11/2025;617;793;450;;PATR/CAM
14/11/2025;617;793;50;;CAMISETAS
14/11/2025;617;793;100;;CAMISETAS
14/11/2025;617;793;100;;CAMISETAS
14/11/2025;807;617;139,9;;INTERNET
14/11/2025;617;793;250;;PATROCINIO
17/11/2025;617;793;50;;CAMISETAS
17/11/2025;617;793;150;;CAMISETAS
17/11/2025;617;793;150;;CAMISETAS
17/11/2025;617;793;50;;CAMISETAS
17/11/2025;617;793;50;;CAMISETAS
17/11/2025;465;617;158,4;;VALE TRANSPORTE
17/11/2025;465;617;158,4;;VALE TRANSPORTE
17/11/2025;465;617;157,5;;VALE TRANSPORTE
17/11/2025;465;617;158,4;;VALE TRANSPORTE
17/11/2025;617;793;50;;CAMISETAS
17/11/2025;498;810;605,16;;ALIMENTAÇÃO
17/11/2025;498;810;985,89;;ALIMENTAÇÃO
17/11/2025;565;810;15,75;;TAR. AGRUPADAS
17/11/2025;465;812;158,4;;VALE TRANSPORTE
17/11/2025;465;812;158,4;;VALE TRANSPORTE
18/11/2025;617;793;100;;CAMISETAS
18/11/2025;617;793;100;;CAMISETAS
18/11/2025;617;793;250;;PATROCINIO
18/11/2025;617;793;200;;CAMISETAS
18/11/2025;617;793;50;;CAMISETAS
18/11/2025;478;5;23,16;;MATERIAL DE LIMPEZA
19/11/2025;617;793;100;;CAMISETAS
19/11/2025;617;793;50;;CAMISETAS
19/11/2025;617;793;100;;CAMISETAS
19/11/2025;489;617;62,5;;ATIVA MEDICINA
19/11/2025;171;617;1.771,59;;DARF/IRRF
19/11/2025;172;617;1.451,16;;FGTS
19/11/2025;489;617;231,13;;ATIVA MEDICINA
19/11/2025;704;617;645;;HONORÁRIOS CONTÁBEIS
19/11/2025;474;617;123,45;;CORSAN
19/11/2025;617;793;50;;CAMISETAS
19/11/2025;617;793;50;;CAMISETAS
19/11/2025;617;793;50;;CAMISETAS
19/11/2025;160;810;610,16;;ADIANTAMENTO SALARIAL
19/11/2025;160;810;405,65;;ADIANTAMENTO SALARIAL
19/11/2025;160;810;915,24;;ADIANTAMENTO SALARIAL
19/11/2025;160;810;610,16;;ADIANTAMENTO SALARIAL
19/11/2025;160;812;610,16;;ADIANTAMENTO SALARIAL
19/11/2025;160;812;580;;ADIANTAMENTO SALARIAL
19/11/2025;486;5;250;;ASSISTENCIA MEDICA
19/11/2025;493;5;1.189,66;;BENS DE PEQUENO VALOR
21/11/2025;617;793;50;;CAMISETAS
21/11/2025;617;793;250;;PATROCINIO
21/11/2025;617;793;250;;PATROCINIO
21/11/2025;617;793;100;;CAMISETAS
21/11/2025;617;793;50;;CAMISETAS
21/11/2025;617;793;50;;CAMISETAS
21/11/2025;565;810;13,4;;DOC/TED INTERNET PJ
21/11/2025;565;810;25,15;;TAR. AGRUPADAS
21/11/2025;160;810;1.344,92;;ADIANTAMENTO SALARIAL
21/11/2025;160;810;2.017,38;;ADIANTAMENTO SALARIAL
21/11/2025;565;810;20;;TAR. AGRUPADAS
22/11/2025;478;5;240;;MATERIAL DE CONSUMO
24/11/2025;617;793;100;;CAMISETAS
24/11/2025;617;793;50;;CAMISETAS
24/11/2025;617;793;450;;CAMISETAS
24/11/2025;617;793;250;;PATROCINIO
24/11/2025;617;793;50;;CAMISETAS
24/11/2025;617;793;100;;CAMISETAS
24/11/2025;617;793;50;;CAMISETAS
24/11/2025;617;793;50;;CAMISETAS
24/11/2025;617;793;50;;CAMISETAS
24/11/2025;617;793;50;;CAMISETAS
24/11/2025;617;793;50;;CAMISETAS
24/11/2025;617;793;150;;CAMISETAS
24/11/2025;617;793;100;;CAMISETAS
24/11/2025;617;793;80;;CAMISETAS
24/11/2025;617;793;40;;CAMISETAS
24/11/2025;617;793;50;;CAMISETAS
24/11/2025;617;793;40;;CAMISETAS
24/11/2025;617;793;40;;CAMISETAS
24/11/2025;617;793;50;;CAMISETAS
24/11/2025;617;793;50;;CAMISETAS
24/11/2025;617;793;250;;PATROCINIO
24/11/2025;617;793;100;;CAMISETAS
24/11/2025;617;793;100;;CAMISETAS
24/11/2025;617;793;100;;CAMISETAS
24/11/2025;617;793;50;;CAMISETAS
24/11/2025;617;793;900;;PATR/CAM
24/11/2025;617;793;300;;PATR/CAM
24/11/2025;617;793;250;;PATR/CAM
25/11/2025;617;793;1.100,00;;PATR/CAM
25/11/2025;617;748;25.000,00;;EMPRESTIMO JOARES CARLESSO
25/11/2025;7;617;10.000,00;;TRANSFERENCIA ENTRE CONTAS
25/11/2025;7;617;17.149,33;;TRANSFERENCIA ENTRE CONTAS
25/11/2025;7;617;649,9;;TRANSFERENCIA ENTRE CONTAS
25/11/2025;565;617;13;;DOC/TED INTERNET PJ
25/11/2025;565;617;13;;DOC/TED INTERNET PJ
25/11/2025;565;617;13;;DOC/TED INTERNET PJ
25/11/2025;617;793;50;;CAMISETAS
25/11/2025;617;793;50;;CAMISETAS
25/11/2025;12;7;27.799,23;;BB RENDE FACIL
26/11/2025;617;793;250;;PATROCINIO
26/11/2025;617;793;550;;PATR/CAM
26/11/2025;617;793;250;;PATROCINIO
26/11/2025;617;793;250;;PATROCINIO
26/11/2025;810;308;202,8;;DOAÇÕES
27/11/2025;617;793;250;;PATROCINIO
27/11/2025;617;793;50;;CAMISETAS
27/11/2025;617;793;250;;CAMISETAS
27/11/2025;617;793;250;;PATROCINIO
27/11/2025;617;793;250;;PATROCINIO
27/11/2025;617;793;100;;CAMISETAS
27/11/2025;617;793;250;;PATROCINIO
27/11/2025;617;793;50;;CAMISETAS
28/11/2025;617;793;100;;CAMISETAS
28/11/2025;617;793;100;;CAMISETAS
28/11/2025;163;617;762,7;;ADIANTAMENTO 13
28/11/2025;163;617;473,26;;ADIANTAMENTO 13
28/11/2025;489;617;1.000,00;;PAGAMENTO FORNECEDORES
28/11/2025;163;812;483,33;;ADIANTAMENTO 13
28/11/2025;163;812;572,03;;ADIANTAMENTO 13
28/11/2025;5;786;60;;MENSALIDADE
01/10/2025;617;786;50;;MENSALIDADE
01/10/2025;617;786;200;;MENSALIDADE
01/10/2025;465;617;402,5;;VALE TRANSPORTE
01/10/2025;465;617;404,8;;VALE TRANSPORTE
01/10/2025;465;617;404,8;;VALE TRANSPORTE
01/10/2025;465;617;404,8;;VALE TRANSPORTE
01/10/2025;617;793;3.325,53;;TROCO SOLIDÁRIO
01/10/2025;565;617;9;;DOC/TED INTERNET PJ
01/10/2025;565;617;9;;DOC/TED INTERNET PJ
01/10/2025;565;617;9;;DOC/TED INTERNET PJ
01/10/2025;465;812;809,6;;VALE TBANRISUL
01/10/2025;5;308;100;;DOAÇÕES
01/10/2025;478;5;19,98;;MATERIAL DE CONSUMO
03/10/2025;617;793;778,97;;TROCO SOLIDÁRIO
03/10/2025;160;617;746,8;;ADIANTAMENTO SALARIAL
03/10/2025;160;617;1.052,42;;ADIANTAMENTO SALARIAL
03/10/2025;160;617;1.494,30;;ADIANTAMENTO SALARIAL
03/10/2025;160;617;2.187,75;;ADIANTAMENTO SALARIAL
03/10/2025;160;617;800,73;;ADIANTAMENTO SALARIAL
03/10/2025;160;617;839,21;;ADIANTAMENTO SALARIAL
03/10/2025;475;617;282,96;;CEEE
03/10/2025;565;617;9;;DOC/TED INTERNET PJ
03/10/2025;565;617;9;;DOC/TED INTERNET PJ
03/10/2025;565;617;9;;DOC/TED INTERNET PJ
03/10/2025;565;617;9;;DOC/TED INTERNET PJ
03/10/2025;565;617;9;;DOC/TED INTERNET PJ
03/10/2025;160;812;709,21;;PAGAMENTO DE SALARIO
03/10/2025;160;812;674,25;;PAGAMENTO DE SALARIO
03/10/2025;481;5;100;;MANUTENÇÃO E CONSERVAÇÃO
06/10/2025;617;308;70;;DOAÇÕES
06/10/2025;498;810;1.267,55;;ALIMENTAÇÃO
06/10/2025;498;810;45,42;;ALIMENTAÇÃO
06/10/2025;5;786;100;;MENSALIDADE
06/10/2025;478;5;250;;MATERIAL DE CONSUMO
07/10/2025;617;793;150;;PATROCINIO
07/10/2025;617;793;300;;PATROCINIO
08/10/2025;617;308;7.000,00;;DOAÇÕES
08/10/2025;617;793;250;;PATROCINIO
08/10/2025;481;5;189;;MANUTENÇÃO E CONSERVAÇÃO
09/10/2025;617;793;1.169,96;;TROCO SOLIDÁRIO
09/10/2025;617;308;100;;DOAÇÕES
09/10/2025;808;615;19.760,22;;GUIA ARRECADAÇÃO - DEV DE PROJETO PRO SOCIAL
10/10/2025;617;308;100;;DOAÇÕES
10/10/2025;617;308;100;;DOAÇÕES
10/10/2025;617;793;835,26;;TROCO SOLIDÁRIO
10/10/2025;714;617;178,82;;L I G SEGURANÇA
10/10/2025;480;617;180;;TONNER
10/10/2025;565;617;29;;CESTA DE RELACIONAMENTO
10/10/2025;5;308;250;;DOAÇÕES
10/10/2025;480;5;72,19;;CASA DO PAPEL
13/10/2025;617;786;200;;MENSALIDADE
13/10/2025;83;617;500;;ACORDO TRABALHISTA
13/10/2025;83;617;500;;ACORDO TRABALHISTA
13/10/2025;83;617;500;;ACORDO TRABALHISTA
13/10/2025;83;617;500;;ACORDO TRABALHISTA
13/10/2025;83;617;500;;ACORDO TRABALHISTA
13/10/2025;807;617;88,6;;INTERNET
13/10/2025;481;617;460;;MANUTENÇÃO E CONSERVAÇÃO
13/10/2025;83;617;500;;ACORDO TRABALHISTA
13/10/2025;83;617;500;;ACORDO TRABALHISTA
13/10/2025;565;617;9;;DOC/TED INTERNET PJ
13/10/2025;565;617;9;;DOC/TED INTERNET PJ
13/10/2025;565;617;9;;DOC/TED INTERNET PJ
13/10/2025;565;617;9;;DOC/TED INTERNET PJ
13/10/2025;565;617;9;;DOC/TED INTERNET PJ
13/10/2025;565;617;9;;DOC/TED INTERNET PJ
13/10/2025;5;308;1.000,00;;DOAÇÕES
14/10/2025;617;308;200;;DOAÇÕES
14/10/2025;617;793;250;;PATROCINIO
14/10/2025;617;793;250;;PATROCINIO
14/10/2025;617;793;250;;PATROCINIO
14/10/2025;498;810;148,21;;ALIMENTAÇÃO
14/10/2025;498;810;340,38;;ALIMENTAÇÃO
14/10/2025;498;810;135,82;;ALIMENTAÇÃO
14/10/2025;498;810;1.622,92;;ALIMENTAÇÃO
14/10/2025;565;810;16,16;;TAR. AGRUPADAS
15/10/2025;617;793;750;;PATROCINIO
15/10/2025;617;793;250;;PATROCINIO
15/10/2025;478;5;49,9;;MATERIAL DE CONSUMO
15/10/2025;493;5;189,9;;BENS DE PEQUENO VALOR
15/10/2025;478;5;350;;MATERIAL DE CONSUMO
17/10/2025;617;793;42,74;;TROCO SOLIDÁRIO
17/10/2025;5;786;60;;MENSALIDADE
17/10/2025;617;308;1.500,00;;DOAÇÕES
20/10/2025;617;308;200;;DOAÇÕES
20/10/2025;617;308;50;;DOAÇÕES
20/10/2025;617;308;40;;DOAÇÕES
20/10/2025;617;308;40;;DOAÇÕES
20/10/2025;617;308;800;;DOAÇÕES
20/10/2025;617;308;50;;DOAÇÕES
20/10/2025;489;617;62,5;;ATIVA MEDICINA
20/10/2025;160;617;1.344,92;;ADIANTAMENTO SALARIAL
20/10/2025;474;617;123,45;;CORSAN
20/10/2025;704;5;645;;HONORÁRIOS CONTÁBEIS
20/10/2025;160;617;915,24;;ADIANTAMENTO SALARIAL
20/10/2025;171;617;1.771,59;;DARF/IRRF
20/10/2025;160;617;2.017,38;;ADIANTAMENTO SALARIAL
20/10/2025;160;617;610,16;;ADIANTAMENTO SALARIAL
20/10/2025;489;617;202,5;;ATIVA MEDICINA
20/10/2025;160;617;405,65;;ADIANTAMENTO SALARIAL
20/10/2025;160;617;610,16;;ADIANTAMENTO SALARIAL
20/10/2025;172;5;1.451,16;;FGTS
20/10/2025;565;617;9;;DOC/TED INTERNET PJ
20/10/2025;565;617;9;;DOC/TED INTERNET PJ
20/10/2025;565;617;9;;DOC/TED INTERNET PJ
20/10/2025;565;617;9;;DOC/TED INTERNET PJ
20/10/2025;565;617;9;;DOC/TED INTERNET PJ
20/10/2025;160;812;610,16;;PAGAMENTO DE SALARIO
20/10/2025;160;812;580;;PAGAMENTO DE SALARIO
23/10/2025;617;793;1.000,00;;PATROCINIO
24/10/2025;807;617;94,63;;VIVO
27/10/2025;498;810;1.502,02;;ALIMENTAÇÃO
28/10/2025;478;5;67,4;;MATERIAL DE CONSUMO
30/10/2025;617;308;20;;DOAÇÕES
30/10/2025;617;786;50;;MENSALIDADE
30/10/2025;617;308;40;;DOAÇÕES
30/10/2025;498;810;359,52;;ALIMENTAÇÃO
30/10/2025;565;810;3,55;;TAR. AGRUPADAS
31/10/2025;617;793;250;;PATROCINIO
31/10/2025;617;793;250;;PATROCINIO
31/10/2025;617;793;250;;PATROCINIO
01/09/2025;465;812;387,2;;VALE TRANSPORTE
01/09/2025;617;786;50;;MENSALIDADE
01/09/2025;465;617;387,2;;VALE TRANSPORTE
01/09/2025;465;617;387,2;;VALE TRANSPORTE
01/09/2025;465;617;385;;VALE TRANSPORTE
01/09/2025;465;617;387,2;;VALE TRANSPORTE
01/09/2025;565;617;9;;DOC/TED INTERNET PJ
01/09/2025;565;617;9;;DOC/TED INTERNET PJ
01/09/2025;565;617;9;;DOC/TED INTERNET PJ
01/09/2025;478;617;150;;MATERIAL DE EXPEDIENTE
01/09/2025;5;786;80;;MENSALIDADE
02/09/2025;617;793;331,24;;MAQUININHA
02/09/2025;617;793;29,31;;MAQUININHA
02/09/2025;617;793;28,98;;MAQUININHA
02/09/2025;617;793;2.000,00;;NF GAUCHA
02/09/2025;617;793;180;;MENSALIDADE
02/09/2025;617;793;120;;CONVITE
02/09/2025;617;793;150;;PATROCINIO COSTELÃO
02/09/2025;565;7;68,4;;TARIFA MANUTENÇÃO CONTA ATIVA
03/09/2025;484;617;733,33;;HONORÁRIOS ADVOCATÍCIOS
03/09/2025;475;617;447,71;;CEEE
03/09/2025;160;617;839,21;;PAGAMENTO DE SALÁRIOS
03/09/2025;160;617;2.001,93;;PAGAMENTO DE SALÁRIOS
03/09/2025;160;617;520,16;;PAGAMENTO DE SALÁRIOS
03/09/2025;160;617;737,61;;PAGAMENTO DE SALÁRIOS
03/09/2025;160;617;1.088,86;;PAGAMENTO DE SALÁRIOS
03/09/2025;160;617;1.301,97;;PAGAMENTO DE SALÁRIOS
03/09/2025;617;793;586,06;;TROCO SOLIDÁRIO
03/09/2025;565;617;9;;DOC/TED INTERNET PJ
03/09/2025;565;617;9;;DOC/TED INTERNET PJ
03/09/2025;565;617;9;;DOC/TED INTERNET PJ
03/09/2025;565;617;9;;DOC/TED INTERNET PJ
03/09/2025;565;617;9;;DOC/TED INTERNET PJ
03/09/2025;160;812;709,21;;PAGAMENTO DE SALARIO
03/09/2025;160;812;674,25;;PAGAMENTO DE SALARIO
03/09/2025;498;810;1.080,18;;ALIMENTAÇÃO
03/09/2025;565;810;10;;TAR. AGRUPADAS
03/09/2025;5;786;600;;MENSALIDADE
03/09/2025;478;5;150;;MATERIAL DE EXPEDIENTE
04/09/2025;617;308;70;;DOAÇÕES
04/09/2025;617;793;250;;PATROCINIO COSTELÃO
04/09/2025;617;793;250;;PATROCINIO COSTELÃO
05/09/2025;617;793;250;;PATROCINIO COSTELÃO
05/09/2025;481;5;100;;MANUTENÇÃO E CONSERVAÇÃO
09/09/2025;617;793;1.337,88;;TROCO SOLIDÁRIO
09/09/2025;617;793;250;;PATROCINIO COSTELÃO
09/09/2025;617;793;2,36;;TROCO SOLIDÁRIO
09/09/2025;714;617;178,82;;L I G SEGURANÇA
09/09/2025;480;617;180;;TONNER
10/09/2025;617;793;766,47;;TROCO SOLIDÁRIO
10/09/2025;565;617;29;;CESTA DE RELACIONAMENTO
10/09/2025;810;308;259,9;;DOAÇÕES
11/09/2025;617;793;250;;PATROCINIO CORRIDA
12/09/2025;83;617;500;;ACORDO TRABALHISTA
12/09/2025;83;617;500;;ACORDO TRABALHISTA
12/09/2025;83;617;500;;ACORDO TRABALHISTA
12/09/2025;83;617;500;;ACORDO TRABALHISTA
12/09/2025;83;617;500;;ACORDO TRABALHISTA
12/09/2025;83;617;500;;ACORDO TRABALHISTA
12/09/2025;83;617;500;;ACORDO TRABALHISTA
12/09/2025;83;617;500;;ACORDO TRABALHISTA
12/09/2025;565;617;9;;DOC/TED INTERNET PJ
12/09/2025;565;617;9;;DOC/TED INTERNET PJ
12/09/2025;565;617;9;;DOC/TED INTERNET PJ
12/09/2025;565;617;9;;DOC/TED INTERNET PJ
12/09/2025;565;617;9;;DOC/TED INTERNET PJ
12/09/2025;565;617;9;;DOC/TED INTERNET PJ
12/09/2025;498;810;106,35;;ALIMENTAÇÃO
12/09/2025;481;810;1.971,96;;MANUTENÇÃO E CONSERVAÇÃO
12/09/2025;565;810;11,05;;TAR. AGRUPADAS
12/09/2025;501;5;120;;COMBUSTIVEL
12/09/2025;501;5;120;;COMBUSTIVEL
13/09/2025;160;812;610,16;;ADIANTAMENTO SALARIAL
13/09/2025;160;812;580;;ADIANTAMENTO SALARIAL
15/09/2025;488;617;105;;ELAINE GISELE
15/09/2025;617;793;250;;PATROCINIO CORRIDA
15/09/2025;617;793;500;;PATROCINIO COSTELÃO
15/09/2025;807;617;129,88;;VIVO
15/09/2025;617;793;250;;PATROCINIO CORRIDA
15/09/2025;498;810;1.717,12;;ALIMENTAÇÃO
15/09/2025;565;810;10;;TAR. AGRUPADAS
15/09/2025;480;5;90;;TONNER
16/09/2025;617;793;250;;PATROCINIO CORRIDA
19/09/2025;160;617;405,65;;ADIANTAMENTO SALARIAL
19/09/2025;486;617;62,5;;ASSISTENCIA MEDICA
19/09/2025;171;617;1.838,13;;DARF/IRRF
19/09/2025;704;617;645;;HONORÁRIOS CONTÁBEIS
19/09/2025;486;617;202,5;;ASSISTENCIA MEDICA
19/09/2025;160;617;610,16;;ADIANTAMENTO SALARIAL
19/09/2025;172;617;1.638,96;;FGTS
19/09/2025;474;617;123,45;;CORSAN
19/09/2025;160;617;1.344,92;;ADIANTAMENTO SALARIAL
19/09/2025;160;617;2.017,38;;ADIANTAMENTO SALARIAL
19/09/2025;160;617;610,16;;ADIANTAMENTO SALARIAL
19/09/2025;160;617;915,24;;ADIANTAMENTO SALARIAL
19/09/2025;617;793;250;;PATROCINIO CORRIDA
19/09/2025;565;617;9;;DOC/TED INTERNET PJ
19/09/2025;565;617;9;;DOC/TED INTERNET PJ
19/09/2025;565;617;9;;DOC/TED INTERNET PJ
19/09/2025;565;617;9;;DOC/TED INTERNET PJ
19/09/2025;565;617;9;;DOC/TED INTERNET PJ
19/09/2025;498;810;334,89;;ALIMENTAÇÃO
19/09/2025;565;810;3,31;;TAR. AGRUPADAS
23/09/2025;617;793;250;;PATROCINIO CORRIDA
23/09/2025;5;617;150;;TOKEN
23/09/2025;617;793;250;;PATROCINIO CORRIDA
24/09/2025;498;810;608,72;;ALIMENTAÇÃO
24/09/2025;565;810;6,02;;TAR. AGRUPADAS
25/09/2025;565;7;66,2;;TARIFA RENOVAÇÃO CADASTRO
25/09/2025;7;12;66,2;;BB RENDE FACIL
01/08/2025;617;793;1.020,00;;CONVITE
01/08/2025;617;793;30;;CONVITE
01/08/2025;617;793;30;;CONVITE
01/08/2025;617;793;300;;CONVITE
01/08/2025;617;786;50;;MENSALIDADE
01/08/2025;478;5;27,9;;MATERIAL DE CONSUMO
01/08/2025;478;5;150;;MATERIAL DE EXPEDIENTE
01/08/2025;498;5;25;;ALIMENTAÇÃO
02/08/2025;478;5;148,7;;MATERIAL DE EXPEDIENTE
02/08/2025;682;5;66;;FARMACIA
02/08/2025;478;5;143,85;;MATERIAL DE EXPEDIENTE
04/08/2025;617;793;660;;CONVITE PATROCINIO
04/08/2025;617;793;8;;COPA
04/08/2025;617;793;120;;CONVITE
04/08/2025;617;793;90;;CONVITE
04/08/2025;617;793;18;;COPA
04/08/2025;617;793;11;;COPA
04/08/2025;617;793;30;;CONVITE
04/08/2025;617;793;60;;CONVITE
04/08/2025;617;793;10;;COPA
04/08/2025;617;793;180;;CONVITE
04/08/2025;617;793;55;;COPA
04/08/2025;617;793;60;;CONVITE
04/08/2025;617;793;10;;COPA
04/08/2025;617;793;40;;COPA
04/08/2025;617;793;60;;CONVITE
04/08/2025;617;793;60;;CONVITE
04/08/2025;617;793;60;;CONVITE
04/08/2025;617;793;10;;COPA
04/08/2025;617;793;78;;COPA
04/08/2025;617;793;60;;CONVITE
04/08/2025;617;793;6;;COPA
04/08/2025;617;793;23;;COPA
04/08/2025;617;793;40;;COPA
04/08/2025;617;793;30;;COPA
04/08/2025;617;793;51;;COPA
04/08/2025;617;793;80;;COPA
04/08/2025;617;793;50;;COPA
04/08/2025;617;793;16;;COPA
04/08/2025;617;793;5;;COPA
04/08/2025;617;793;20;;COPA
04/08/2025;617;793;20;;COPA
04/08/2025;617;793;20;;COPA
04/08/2025;617;793;20;;COPA
04/08/2025;617;793;180;;CONVITE
04/08/2025;617;793;17;;COPA
04/08/2025;617;793;20;;COPA
04/08/2025;617;793;40;;COPA
04/08/2025;617;793;16;;COPA
04/08/2025;617;793;93,89;;COPA
04/08/2025;617;793;1.488,34;;COPA/CONVITE
04/08/2025;617;793;673,74;;COPA
04/08/2025;617;793;60;;CONVITE
04/08/2025;617;793;300;;PATROCINIO
04/08/2025;617;793;300;;PATROCINIO
04/08/2025;617;793;600;;PATROCINIO
04/08/2025;617;793;300;;PATROCINIO
04/08/2025;617;786;180;;MENSALIDADE
04/08/2025;797;617;733,33;;HONORÁRIOS ADVOCATÍCIOS
04/08/2025;617;793;120;;CONVITE
04/08/2025;475;617;406,85;;CEEE
04/08/2025;480;617;450;;GRAFICA MENDES
04/08/2025;617;793;360;;CONVITE
04/08/2025;617;793;300;;PATROCINIO
04/08/2025;565;7;68,4;;TARIFA MANUTENÇÃO CONTA ATIVA
04/08/2025;7;12;68,4;;BB RENDE FACIL
05/08/2025;617;793;480;;PATROC/CONV.
05/08/2025;617;793;300;;PATROCINIO
05/08/2025;617;793;632,29;;TROCO SOLIDÁRIO
05/08/2025;617;793;344;;COPA/CONVITE
05/08/2025;465;617;334,4;;VALE TRANSPORTE
05/08/2025;465;617;334,4;;VALE TRANSPORTE
05/08/2025;465;617;332,5;;VALE TRANSPORTE
05/08/2025;465;617;334,4;;VALE TRANSPORTE
05/08/2025;617;793;120;;CONVITE
05/08/2025;565;617;9;;DOC/TED INTERNET PJ
05/08/2025;565;617;9;;DOC/TED INTERNET PJ
05/08/2025;565;617;9;;DOC/TED INTERNET PJ
05/08/2025;617;793;60;;CONVITE
05/08/2025;812;814;668,8;;RESGATE AUTOMATICO
05/08/2025;465;812;334,4;;VALE TRANSPORTE
05/08/2025;465;812;334,4;;VALE TRANSPORTE
06/08/2025;617;793;60;;CONVITE
06/08/2025;617;793;180;;CONVITE
06/08/2025;617;793;300;;PATROCINIO
06/08/2025;617;793;2.280,00;;CONVITE
06/08/2025;617;793;300;;PATROCINIO
06/08/2025;617;308;70;;DOAÇÕES
06/08/2025;617;793;60;;CONVITE
06/08/2025;498;810;665,56;;ALIMENTAÇÃO
06/08/2025;498;810;31,33;;ALIMENTAÇÃO
06/08/2025;498;810;945,69;;ALIMENTAÇÃO
06/08/2025;565;810;16,94;;TAR. AGRUPADAS
06/08/2025;810;811;2.000,00;;BB CDB DI
07/08/2025;617;793;120;;CONVITE
07/08/2025;498;617;7.106,14;;ALIMENTAÇÃO
07/08/2025;617;793;180;;CONVITE
07/08/2025;617;793;360;;PATROC/CONV.
07/08/2025;617;793;440;;CONVITE
07/08/2025;617;793;1.180,00;;CONVITE
07/08/2025;810;811;125,92;;BB CDB DI
08/08/2025;617;793;60;;CONVITE
08/08/2025;617;793;10;;BRECHÓ
08/08/2025;489;5;360;;PGTO SERVIÇOS DE TERCEIROS PESSOA JURIDICA
11/08/2025;617;793;23,04;;TROCO SOLIDÁRIO
11/08/2025;617;793;679,46;;TROCO SOLIDÁRIO
11/08/2025;617;793;556,16;;TROCO SOLIDÁRIO
11/08/2025;714;617;178,82;;L I G SEGURANÇA
11/08/2025;480;617;180;;TONNER
11/08/2025;565;617;29;;CESTA DE RELACIONAMENTO
11/08/2025;617;793;3,53;;TROCO SOLIDÁRIO
11/08/2025;617;793;1,28;;TROCO SOLIDÁRIO
11/08/2025;498;810;138,82;;ALIMENTAÇÃO
11/08/2025;498;810;744,12;;ALIMENTAÇÃO
11/08/2025;565;810;8,73;;TAR. AGRUPADAS
11/08/2025;810;811;500;;BB CDB DI
12/08/2025;617;793;30;;CONVITE
12/08/2025;617;793;300;;PATROCINIO
12/08/2025;810;811;32,16;;BB CDB DI
12/08/2025;479;5;9,29;;MATERIAL DE LIMPEZA
13/08/2025;617;793;480;;CONVITE
13/08/2025;617;793;240;;CONVITE
13/08/2025;83;617;500;;ACORDO TRABALHISTA
13/08/2025;83;617;500;;ACORDO TRABALHISTA
13/08/2025;83;617;500;;ACORDO TRABALHISTA
13/08/2025;83;617;500;;ACORDO TRABALHISTA
13/08/2025;83;617;500;;ACORDO TRABALHISTA
13/08/2025;83;617;500;;ACORDO TRABALHISTA
13/08/2025;83;617;500;;ACORDO TRABALHISTA
13/08/2025;83;617;500;;ACORDO TRABALHISTA
13/08/2025;617;5;10.010,00;;DEPÓSITO
13/08/2025;617;793;150;;CONVITE
13/08/2025;565;617;9;;DOC/TED INTERNET PJ
13/08/2025;565;617;9;;DOC/TED INTERNET PJ
13/08/2025;565;617;9;;DOC/TED INTERNET PJ
13/08/2025;565;617;9;;DOC/TED INTERNET PJ
13/08/2025;565;617;9;;DOC/TED INTERNET PJ
13/08/2025;565;617;9;;DOC/TED INTERNET PJ
13/08/2025;480;5;72,19;;MATERIAL DE ESCRITÓRIO
14/08/2025;617;793;300;;PATROCINIO
14/08/2025;617;793;250;;CONVITE
14/08/2025;456;5;100;;VALE SALÁRIO
15/08/2025;617;793;80;;CONVITE
15/08/2025;807;617;129,99;;VIVO
18/08/2025;498;810;1.504,74;;ALIMENTAÇÃO
18/08/2025;565;810;10;;TAR. AGRUPADAS
18/08/2025;810;811;1.500,00;;BB CDB DI
19/08/2025;617;793;540;;PAT./CONV.
19/08/2025;810;811;99,84;;BB CDB DI
20/08/2025;617;786;30;;MENSALIDADE
20/08/2025;617;793;90;;CONVITE
20/08/2025;486;617;62,5;;ASSISTENCIA MEDICA
20/08/2025;704;617;645;;HONORÁRIOS CONTÁBEIS
20/08/2025;172;617;2.043,17;;FGTS
20/08/2025;474;617;123,45;;CORSAN
20/08/2025;486;617;202,5;;ASSISTENCIA MEDICA
20/08/2025;171;617;1.936,36;;DARF/IRRF
20/08/2025;160;617;405,65;;ADIANTAMENTO SALARIAL
20/08/2025;160;617;610,16;;ADIANTAMENTO SALARIAL
20/08/2025;160;617;1.748,40;;ADIANTAMENTO SALARIAL
20/08/2025;565;617;9;;DOC/TED INTERNET PJ
20/08/2025;565;617;9;;DOC/TED INTERNET PJ
20/08/2025;565;617;9;;DOC/TED INTERNET PJ
20/08/2025;478;810;1.159,19;;COPA E COZINHA
20/08/2025;798;810;1.362,18;;MATERIAL DIDÁTICO E RECREAÇÃO
20/08/2025;798;810;706,78;;MATERIAL DIDÁTICO E RECREAÇÃO
20/08/2025;493;810;151,78;;BENS DE PEQUENO VALOR
20/08/2025;493;810;251,82;;BENS DE PEQUENO VALOR
20/08/2025;480;810;27;;MATERIAL DE ESCRITÓRIO
20/08/2025;478;810;109,48;;COPA E COZINHA
20/08/2025;478;810;770,48;;COPA E COZINHA
20/08/2025;478;810;519,13;;COPA E COZINHA
20/08/2025;810;811;5.000,00;;BB CDB DI
20/08/2025;812;814;1.190,16;;RESGATE AUTOMATICO
20/08/2025;160;812;610,16;;ADIANTAMENTO SALARIAL
20/08/2025;160;812;580;;ADIANTAMENTO SALARIAL
20/08/2025;479;5;178,16;;MATERIAL DE LIMPEZA
21/08/2025;810;811;337,4;;BB CDB DI
22/08/2025;617;793;0,07;;TROCO SOLIDÁRIO
29/08/2025;498;810;792,15;;ALIMENTAÇÃO
29/08/2025;565;810;7,84;;TAR. AGRUPADAS
29/08/2025;810;811;500;;BB CDB DI
29/08/2025;465;5;15;;UBER
30/08/2025;5;793;14.905,00;;CONVITE/PATROCINIO COSTELÃO
31/08/2025;5;793;71;;BRECHÓ
31/08/2025;5;786;50;;MENSALIDADE
01/07/2025;465;617;228,2;;VALE TRANSPORTE
01/07/2025;465;617;228,2;;VALE TRANSPORTE
01/07/2025;617;308;20.000,00;;DOAÇÕES
01/07/2025;565;617;9;;DOC/TED INTERNET PJ
01/07/2025;617;793;120;;CONVITE
01/07/2025;615;776;1.550,00;;RESGATE AUTOMATICO
01/07/2025;565;615;12;;TARIFA DOC/TED
01/07/2025;565;615;12;;TARIFA DOC/TED
01/07/2025;565;615;12;;TARIFA DOC/TED
01/07/2025;565;615;12;;TARIFA DOC/TED
01/07/2025;465;615;374,9;;VALE TRANSPORTE
01/07/2025;465;615;374,9;;VALE TRANSPORTE
01/07/2025;465;615;374,9;;VALE TRANSPORTE
01/07/2025;465;615;372,6;;VALE TRANSPORTE
01/07/2025;812;814;749,8;;RESGATE AUTOMATICO
01/07/2025;465;812;374,9;;VALE TRANSPORTE
01/07/2025;465;812;374,9;;VALE TRANSPORTE
02/07/2025;617;308;70;;DOAÇÕES
02/07/2025;617;793;80;;PRODUT.
03/07/2025;617;793;815,01;;TROCO SOLIDÁRIO
04/07/2025;484;617;733,33;;HONORÁRIOS ADVOCATÍCIOS
04/07/2025;475;617;362,75;;CEEE
07/07/2025;160;617;441,57;;PAGAMENTO DE SALÁRIOS
07/07/2025;160;617;441,57;;PAGAMENTO DE SALÁRIOS
07/07/2025;617;793;70;;PRODUT.
07/07/2025;565;617;9;;DOC/TED INTERNET PJ
07/07/2025;565;617;9;;DOC/TED INTERNET PJ
07/07/2025;615;776;7.850,00;;RESGATE AUTOMATICO
07/07/2025;565;615;12;;TARIFA DOC/TED
07/07/2025;565;615;12;;TARIFA DOC/TED
07/07/2025;565;615;12;;TARIFA DOC/TED
07/07/2025;565;615;12;;TARIFA DOC/TED
07/07/2025;565;615;12;;TARIFA DOC/TED
07/07/2025;565;615;12;;TARIFA DOC/TED
07/07/2025;160;615;709,21;;PAGAMENTO DE SALÁRIOS
07/07/2025;160;615;2.187,75;;PAGAMENTO DE SALÁRIOS
07/07/2025;160;615;1.494,30;;PAGAMENTO DE SALÁRIOS
07/07/2025;160;615;1.052,42;;PAGAMENTO DE SALÁRIOS
07/07/2025;160;615;839,21;;PAGAMENTO DE SALÁRIOS
07/07/2025;160;615;800,73;;PAGAMENTO DE SALÁRIOS
07/07/2025;160;615;659,19;;PAGAMENTO DE SALÁRIOS
07/07/2025;812;814;674,25;;RESGATE AUTOMATICO
07/07/2025;160;812;674,25;;PAGAMENTO DE SALARIO
08/07/2025;617;793;78,8;;MAQ.
08/07/2025;617;793;400;;PATROCINIO
08/07/2025;617;793;60;;PRODUT.
09/07/2025;617;793;564,5;;TROCO SOLIDÁRIO
09/07/2025;617;786;400;;MENSALIDADE
09/07/2025;714;617;178,82;;L I G SEGURANÇA
09/07/2025;480;617;180;;TONNER
09/07/2025;617;793;100;;PRODUT.
09/07/2025;5;786;180;;MENSALIDADE
09/07/2025;479;5;29,95;;MATERIAL DE LIMPEZA
10/07/2025;617;793;641,82;;TROCO SOLIDÁRIO
10/07/2025;565;617;29;;CESTA DE RELACIONAMENTO
10/07/2025;617;793;6,16;;TROCO SOLIDÁRIO
10/07/2025;617;793;5,11;;TROCO SOLIDÁRIO
10/07/2025;617;793;4,97;;TROCO SOLIDÁRIO
10/07/2025;617;793;15;;TROCO SOLIDÁRIO
10/07/2025;617;793;2,24;;TROCO SOLIDÁRIO
10/07/2025;617;793;1,17;;TROCO SOLIDÁRIO
10/07/2025;617;793;12,48;;TROCO SOLIDÁRIO
10/07/2025;617;793;8,3;;TROCO SOLIDÁRIO
10/07/2025;617;793;6,89;;TROCO SOLIDÁRIO
10/07/2025;617;793;2,86;;TROCO SOLIDÁRIO
10/07/2025;617;793;1,48;;TROCO SOLIDÁRIO
10/07/2025;617;793;4,3;;TROCO SOLIDÁRIO
10/07/2025;617;793;3,48;;TROCO SOLIDÁRIO
10/07/2025;617;793;12,41;;TROCO SOLIDÁRIO
10/07/2025;617;793;3,28;;TROCO SOLIDÁRIO
10/07/2025;617;793;5,93;;TROCO SOLIDÁRIO
10/07/2025;617;793;0,99;;TROCO SOLIDÁRIO
10/07/2025;617;793;1,04;;TROCO SOLIDÁRIO
10/07/2025;617;793;8,43;;TROCO SOLIDÁRIO
10/07/2025;617;793;3,29;;TROCO SOLIDÁRIO
10/07/2025;617;793;8,06;;TROCO SOLIDÁRIO
10/07/2025;617;793;3,28;;TROCO SOLIDÁRIO
10/07/2025;617;793;0,95;;TROCO SOLIDÁRIO
10/07/2025;617;793;2,34;;TROCO SOLIDÁRIO
10/07/2025;617;793;2,62;;TROCO SOLIDÁRIO
10/07/2025;617;793;4,76;;TROCO SOLIDÁRIO
10/07/2025;617;793;4,34;;TROCO SOLIDÁRIO
10/07/2025;617;793;1,47;;TROCO SOLIDÁRIO
10/07/2025;617;786;180;;MENSALIDADE
10/07/2025;617;786;50;;MENSALIDADE
10/07/2025;565;800;29;;CESTA DE RELACIONAMENTO
10/07/2025;481;5;93,49;;MATERIAL DE CONSTRUÇÃO
11/07/2025;83;617;500;;ACORDO TRABALHISTA
11/07/2025;83;617;500;;ACORDO TRABALHISTA
11/07/2025;83;617;500;;ACORDO TRABALHISTA
11/07/2025;83;617;500;;ACORDO TRABALHISTA
11/07/2025;83;617;500;;ACORDO TRABALHISTA
11/07/2025;83;617;500;;ACORDO TRABALHISTA
11/07/2025;83;617;500;;ACORDO TRABALHISTA
11/07/2025;83;617;500;;ACORDO TRABALHISTA
11/07/2025;617;786;720;;MENSALIDADE
11/07/2025;617;793;375;;PRODUT.
11/07/2025;617;786;180;;MENSALIDADE
11/07/2025;617;793;100;;PRODUT.
11/07/2025;617;793;35;;PRODUT.
11/07/2025;565;617;9;;DOC/TED INTERNET PJ
11/07/2025;565;617;9;;DOC/TED INTERNET PJ
11/07/2025;565;617;9;;DOC/TED INTERNET PJ
11/07/2025;565;617;9;;DOC/TED INTERNET PJ
11/07/2025;565;617;9;;DOC/TED INTERNET PJ
11/07/2025;565;617;9;;DOC/TED INTERNET PJ
11/07/2025;617;793;20;;PRODUT.
11/07/2025;498;810;172,37;;ALIMENTAÇÃO
11/07/2025;498;810;1.128,44;;ALIMENTAÇÃO
11/07/2025;565;810;11,7;;TAR. AGRUPADAS
11/07/2025;810;811;1.000,00;;BB CDB DI
12/07/2025;478;5;150;;MATERIAL DE EXPEDIENTE
14/07/2025;486;617;62,5;;ASSISTÊNCIA MÉDICA
14/07/2025;807;617;129,99;;VIVO
14/07/2025;474;617;193,66;;CORSAN
14/07/2025;486;617;212,15;;ASSISTÊNCIA MÉDICA
14/07/2025;478;617;450;;GRAFICA MENDES
14/07/2025;615;776;2.300,00;;RESGATE AUTOMATICO
14/07/2025;704;615;645;;HONORÁRIOS CONTÁBEIS
14/07/2025;565;615;12;;TARIFA DOC/TED
14/07/2025;489;615;1.675,00;;PGTO SERVIÇOS DE TERCEIROS PESSOA JURIDICA
14/07/2025;810;811;54,86;;BB CDB DI
14/07/2025;480;5;19,98;;MATERIAL DE ESCRITÓRIO
15/07/2025;617;793;150;;PATROCINIO
16/07/2025;174;617;674,72;;FGTS
16/07/2025;174;617;737,75;;FGTS
16/07/2025;171;617;2.047,07;;DARF INSS/IRRF
16/07/2025;162;617;3.253,10;;RECISÃO DE CONTRATO
16/07/2025;162;617;3.569,61;;RECISÃO DE CONTRATO
16/07/2025;565;617;9;;DOC/TED INTERNET PJ
16/07/2025;565;617;9;;DOC/TED INTERNET PJ
16/07/2025;615;776;20.350,00;;RESGATE AUTOMATICO
16/07/2025;565;615;12;;TARIFA DOC/TED
16/07/2025;565;615;12;;TARIFA DOC/TED
16/07/2025;565;615;12;;TARIFA DOC/TED
16/07/2025;565;615;12;;TARIFA DOC/TED
16/07/2025;565;615;12;;TARIFA DOC/TED
16/07/2025;565;615;12;;TARIFA DOC/TED
16/07/2025;565;615;12;;TARIFA DOC/TED
16/07/2025;565;615;12;;TARIFA DOC/TED
16/07/2025;565;615;12;;TARIFA DOC/TED
16/07/2025;565;615;12;;TARIFA DOC/TED
16/07/2025;161;615;3.853,70;;FÉRIAS
16/07/2025;161;615;3.040,96;;FÉRIAS
16/07/2025;161;615;2.791,30;;FÉRIAS
16/07/2025;161;615;1.873,60;;FÉRIAS
16/07/2025;160;615;610,16;;ADIANTAMENTO SALARIAL
16/07/2025;160;615;405,65;;ADIANTAMENTO SALARIAL
16/07/2025;163;615;2.521,73;;ADIANTAMENTO SALARIAL
16/07/2025;163;615;1.681,16;;ADIANTAMENTO SALARIAL
16/07/2025;163;615;1.144,05;;ADIANTAMENTO SALARIAL
16/07/2025;163;615;762,7;;ADIANTAMENTO SALARIAL
16/07/2025;172;615;1.538,64;;FGTS
16/07/2025;812;814;1.190,16;;RESGATE AUTOMATICO
16/07/2025;160;812;610,16;;ADIANTAMENTO SALARIAL
16/07/2025;160;812;580;;ADIANTAMENTO SALARIAL
17/07/2025;615;776;6.700,00;;RESGATE AUTOMATICO
17/07/2025;565;615;3,3;;TARIFA DOC/TED
17/07/2025;565;615;3,3;;TARIFA DOC/TED
17/07/2025;565;615;3,3;;TARIFA DOC/TED
17/07/2025;565;615;3,3;;TARIFA DOC/TED
17/07/2025;160;615;2.779,51;;PAGAMENTO DE SALÁRIOS
17/07/2025;160;615;1.780,67;;PAGAMENTO DE SALÁRIOS
17/07/2025;160;615;1.237,75;;PAGAMENTO DE SALÁRIOS
17/07/2025;160;615;890,73;;PAGAMENTO DE SALÁRIOS
18/07/2025;617;793;23,97;;TROCO SOLIDÁRIO
18/07/2025;582;5;287,53;;TAXAS E EMOLUMENTOS
21/07/2025;617;793;120;;CONVITE
21/07/2025;617;793;120;;CONVITE
24/07/2025;617;793;350;;CONVITE
24/07/2025;617;793;300;;PATROCINIO
28/07/2025;498;5;57,26;;ALIMENTAÇÃO
29/07/2025;617;793;30;;CONVITE
29/07/2025;617;793;240;;CONVITE
29/07/2025;615;776;1.550,00;;RESGATE AUTOMATICO
29/07/2025;565;615;12;;TARIFA DOC/TED
29/07/2025;565;615;12;;TARIFA DOC/TED
29/07/2025;160;615;839,21;;PAGAMENTO DE SALÁRIOS
29/07/2025;160;615;659,19;;PAGAMENTO DE SALÁRIOS
29/07/2025;812;814;1.383,46;;RESGATE AUTOMATICO
29/07/2025;160;812;709,21;;PAGAMENTO DE SALARIO
29/07/2025;160;812;674,25;;PAGAMENTO DE SALARIO
30/06/2025;171;180;0,79;;Líquido GPS 06/2025 - Folha Normal
30/06/2025;467;171;0,79;;Líquido GPS 06/2025 - Folha Normal
31/07/2025;171;180;1,58;;Líquido GPS 07/2025 - Folha Normal
31/07/2025;467;171;1,58;;Líquido GPS 07/2025 - Folha Normal
30/04/2025;171;180;2,5;;Líquido GPS 04/2025 - Folha Normal
30/04/2025;467;171;2,5;;Líquido GPS 04/2025 - Folha Normal
02/06/2025;617;786;50;;MENSALIDADE
02/06/2025;465;617;211,9;;VALE TRANSPORTE
02/06/2025;465;617;171,6;;VALE TRANSPORTE
02/06/2025;465;617;195,6;;VALE TRANSPORTE
02/06/2025;577;617;1.167,38;;TAXA SANITÁRIA
02/06/2025;617;786;30;;MENSALIDADE
02/06/2025;617;793;300;;PATROCINIO COSTELÃO
02/06/2025;565;617;9;;DOC/TED INTERNET PJ
02/06/2025;565;617;9;;DOC/TED INTERNET PJ
02/06/2025;617;793;300;;PATROCINIO COSTELÃO
02/06/2025;615;776;1.700,00;;RESGATE AUTOMATICO
02/06/2025;565;615;12;;TARIFA DOC/TED
02/06/2025;565;615;12;;TARIFA DOC/TED
02/06/2025;565;615;12;;TARIFA DOC/TED
02/06/2025;565;615;12;;TARIFA DOC/TED
02/06/2025;465;615;326;;VALE TRANSPORTE
02/06/2025;465;615;326;;VALE TRANSPORTE
02/06/2025;465;615;326;;VALE TRANSPORTE
02/06/2025;465;615;326;;VALE TRANSPORTE
02/06/2025;465;615;324;;VALE TRANSPORTE
02/06/2025;812;814;632;;RESGATE AUTOMATICO
02/06/2025;465;812;326;;VALE TRANSPORTE
02/06/2025;465;812;306;;VALE TRANSPORTE
02/06/2025;478;5;22,5;;MATERIAL DE EXPEDIENTE
03/06/2025;565;7;68,4;;TAR MANUTENÇÃO CONTA ATIVA
03/06/2025;7;12;68,4;;BB RENDE FACIL
03/06/2025;617;793;300;;PATROCINIO COSTELÃO
03/06/2025;617;793;300;;PATROCINIO COSTELÃO
03/06/2025;498;810;380,98;;ALIMENTAÇÃO
03/06/2025;498;810;1.002,27;;ALIMENTAÇÃO
03/06/2025;565;810;13,69;;TAR. AGRUPADAS
03/06/2025;810;811;1.500,00;;BB CDB DI
04/06/2025;617;793;981,96;;TROCO SOLIDÁRIO
04/06/2025;617;308;70;;DOAÇÕES
04/06/2025;617;5;10.000,00;;DEPÓSITO
04/06/2025;617;786;30;;MENSALIDADE
04/06/2025;810;811;62,4;;BB CDB DI
05/06/2025;160;617;500,94;;PAGAMENTO DE SALÁRIOS
05/06/2025;160;617;500,94;;PAGAMENTO DE SALÁRIOS
05/06/2025;160;617;500,94;;PAGAMENTO DE SALÁRIOS
05/06/2025;475;617;817,43;;CEEE
05/06/2025;565;617;9;;DOC/TED INTERNET PJ
05/06/2025;565;617;9;;DOC/TED INTERNET PJ
05/06/2025;565;617;9;;DOC/TED INTERNET PJ
05/06/2025;615;776;8.700,00;;RESGATE AUTOMATICO
05/06/2025;565;615;12;;TARIFA DOC/TED
05/06/2025;565;615;12;;TARIFA DOC/TED
05/06/2025;565;615;12;;TARIFA DOC/TED
05/06/2025;565;615;12;;TARIFA DOC/TED
05/06/2025;565;615;12;;TARIFA DOC/TED
05/06/2025;565;615;12;;TARIFA DOC/TED
05/06/2025;160;615;800,25;;PAGAMENTO DE SALÁRIOS
05/06/2025;160;615;2.444,74;;PAGAMENTO DE SALÁRIOS
05/06/2025;160;615;1.677,49;;PAGAMENTO DE SALÁRIOS
05/06/2025;160;615;1.193,80;;PAGAMENTO DE SALÁRIOS
05/06/2025;160;615;934,49;;PAGAMENTO DE SALÁRIOS
05/06/2025;160;615;900,53;;PAGAMENTO DE SALÁRIOS
05/06/2025;160;615;688,02;;PAGAMENTO DE SALÁRIOS
05/06/2025;812;814;1.411,30;;RESGATE AUTOMATICO
05/06/2025;160;812;804,47;;PAGAMENTO DE SALÁRIOS
05/06/2025;160;812;606,83;;PAGAMENTO DE SALÁRIOS
06/06/2025;484;617;230;;PROPAGANDA E PUBLICIDADE
09/06/2025;617;793;439,07;;TROCO SOLIDÁRIO
09/06/2025;617;793;100;;PATROCINIO COSTELÃO
09/06/2025;617;793;50;;PRODUT.
09/06/2025;617;793;40;;PRODUT.
09/06/2025;714;617;178,82;;L I G SEGURANÇA
09/06/2025;480;617;180;;TONNER
09/06/2025;489;5;350;;PGTO SERVIÇOS DE TERCEIROS PESSOA JURIDICA
10/06/2025;565;800;29;;CESTA DE RELACIONAMENTO
10/06/2025;617;793;588,11;;TROCO SOLIDÁRIO
10/06/2025;565;617;29;;CESTA DE RELACIONAMENTO
10/06/2025;617;793;30;;PRODUT.
10/06/2025;617;793;4,12;;TROCO SOLIDÁRIO
10/06/2025;617;793;3,78;;TROCO SOLIDÁRIO
10/06/2025;617;793;4,6;;TROCO SOLIDÁRIO
10/06/2025;617;793;1,83;;TROCO SOLIDÁRIO
10/06/2025;617;793;13;;TROCO SOLIDÁRIO
10/06/2025;617;793;8,95;;TROCO SOLIDÁRIO
10/06/2025;617;793;3,46;;TROCO SOLIDÁRIO
10/06/2025;617;793;1,85;;TROCO SOLIDÁRIO
10/06/2025;617;793;2,82;;TROCO SOLIDÁRIO
10/06/2025;617;793;14,07;;TROCO SOLIDÁRIO
10/06/2025;617;793;4,66;;TROCO SOLIDÁRIO
10/06/2025;617;793;5,47;;TROCO SOLIDÁRIO
10/06/2025;617;793;2;;TROCO SOLIDÁRIO
10/06/2025;617;793;8,26;;TROCO SOLIDÁRIO
10/06/2025;617;793;1,42;;TROCO SOLIDÁRIO
10/06/2025;617;793;4,04;;TROCO SOLIDÁRIO
10/06/2025;617;793;8,77;;TROCO SOLIDÁRIO
10/06/2025;617;793;4,92;;TROCO SOLIDÁRIO
10/06/2025;617;793;3,96;;TROCO SOLIDÁRIO
10/06/2025;617;793;0,55;;TROCO SOLIDÁRIO
10/06/2025;617;793;4,15;;TROCO SOLIDÁRIO
10/06/2025;617;793;1,35;;TROCO SOLIDÁRIO
10/06/2025;617;793;3,97;;TROCO SOLIDÁRIO
10/06/2025;617;793;3,47;;TROCO SOLIDÁRIO
10/06/2025;617;793;3,8;;TROCO SOLIDÁRIO
10/06/2025;617;793;7,94;;TROCO SOLIDÁRIO
10/06/2025;617;793;20;;PRODUT.
11/06/2025;617;793;40;;PRODUT.
11/06/2025;617;793;70;;PRODUT.
12/06/2025;617;793;30;;PRODUT.
13/06/2025;83;617;500;;ACORDO TRABALHISTA
13/06/2025;83;617;500;;ACORDO TRABALHISTA
13/06/2025;83;617;500;;ACORDO TRABALHISTA
13/06/2025;83;617;500;;ACORDO TRABALHISTA
13/06/2025;83;617;500;;ACORDO TRABALHISTA
13/06/2025;83;617;500;;ACORDO TRABALHISTA
13/06/2025;83;617;500;;ACORDO TRABALHISTA
13/06/2025;83;617;500;;ACORDO TRABALHISTA
13/06/2025;617;793;30;;PRODUT.
13/06/2025;565;617;9;;DOC/TED INTERNET PJ
13/06/2025;565;617;9;;DOC/TED INTERNET PJ
13/06/2025;565;617;9;;DOC/TED INTERNET PJ
13/06/2025;565;617;9;;DOC/TED INTERNET PJ
13/06/2025;565;617;9;;DOC/TED INTERNET PJ
13/06/2025;565;617;9;;DOC/TED INTERNET PJ
13/06/2025;498;810;1.153,48;;ALIMENTAÇÃO
13/06/2025;565;810;10;;TAR. AGRUPADAS
13/06/2025;810;811;1.000,00;;BB CDB DI
16/06/2025;617;793;150;;PRODUT.
16/06/2025;617;786;30;;MENSALIDADE
16/06/2025;807;617;129,99;;VIVO
16/06/2025;810;811;44,98;;BB CDB DI
16/06/2025;615;776;1.700,00;;RESGATE AUTOMATICO
16/06/2025;565;615;12;;TARIFA DOC/TED
16/06/2025;489;615;1.675,00;;PAGAMENTO FORNECEDORES
16/06/2025;479;5;28,86;;MATERIAL DE LIMPEZA
18/06/2025;174;617;519,47;;FGTS
18/06/2025;162;617;2.184,50;;PAGAMENTO DE SALÁRIOS
18/06/2025;160;617;379,83;;ADIANTAMENTO SALARIAL
18/06/2025;160;617;379,83;;ADIANTAMENTO SALARIAL
18/06/2025;565;617;9;;DOC/TED INTERNET PJ
18/06/2025;565;617;9;;DOC/TED INTERNET PJ
18/06/2025;565;617;9;;DOC/TED INTERNET PJ
18/06/2025;615;776;8.350,00;;RESGATE AUTOMATICO
18/06/2025;565;615;12;;TARIFA DOC/TED
18/06/2025;565;615;12;;TARIFA DOC/TED
18/06/2025;565;615;12;;TARIFA DOC/TED
18/06/2025;565;615;12;;TARIFA DOC/TED
18/06/2025;565;615;12;;TARIFA DOC/TED
18/06/2025;565;615;12;;TARIFA DOC/TED
18/06/2025;160;615;610,16;;PAGAMENTO DE SALÁRIOS
18/06/2025;160;615;2.017,38;;PAGAMENTO DE SALÁRIOS
18/06/2025;160;615;1.344,92;;PAGAMENTO DE SALÁRIOS
18/06/2025;160;615;915,24;;PAGAMENTO DE SALÁRIOS
18/06/2025;160;615;610,16;;PAGAMENTO DE SALÁRIOS
18/06/2025;160;615;610,16;;PAGAMENTO DE SALÁRIOS
18/06/2025;160;615;405,65;;PAGAMENTO DE SALÁRIOS
18/06/2025;172;615;1.775,18;;FGTS
18/06/2025;812;814;1.190,16;;RESGATE AUTOMATICO
18/06/2025;160;812;610,16;;PAGAMENTO DE SALÁRIOS
18/06/2025;160;812;580;;PAGAMENTO DE SALÁRIOS
18/06/2025;479;5;28,17;;MATERIAL DE LIMPEZA
20/06/2025;617;793;50;;PRODUT.
20/06/2025;617;793;30;;PRODUT.
20/06/2025;617;793;150;;PRODUT.
20/06/2025;474;617;291,96;;CORSAN
20/06/2025;486;617;313,24;;ASSISTÊNCIA MÉDICA
20/06/2025;171;617;2.248,75;;DARF INSS/IRRF
20/06/2025;486;617;62,5;;ASSISTÊNCIA MÉDICA
20/06/2025;615;776;650;;RESGATE AUTOMATICO
20/06/2025;704;615;645;;HONORÁRIOS CONTÁBEIS
20/06/2025;565;615;2,5;;TRANFERÊNCIA DE RECURSOS
20/06/2025;5;793;585;;DOAÇÕES
23/06/2025;617;793;300;;PATROCINIO COSTELÃO
23/06/2025;617;793;106,5;;BINGO
23/06/2025;617;793;392,79;;BINGO
23/06/2025;617;793;90,74;;TROCO SOLIDÁRIO
23/06/2025;617;793;300;;PATROCINIO COSTELÃO
25/06/2025;617;786;180;;MENSALIDADE
25/06/2025;565;810;18,27;;TAR. AGRUPADAS
25/06/2025;810;811;2.000,00;;BB CDB DI
26/06/2025;810;811;99;;BB CDB DI
27/06/2025;162;617;1.042,75;;RECISÃO DE CONTRATO
27/06/2025;565;617;9;;DOC/TED INTERNET PJ
27/06/2025;615;808;38.669,56;;PROJETO PRO SOCIAL
27/06/2025;776;615;38.686,89;;APLICAÇÃO AUTOMATICA
30/06/2025;478;5;105,76;;MATERIAL DE EXPEDIENTE
30/06/2025;5;793;70;;BRECHÓ
30/06/2025;5;793;930;;RIFA
30/06/2025;5;793;1.450,00;;BINGO
25/06/2025;498;810;1.040,45;;ALIMENTAÇÃO
25/06/2025;498;810;836,13;;ALIMENTAÇÃO
31/12/2025;468;172;122,03;;FGTS folha normal 12/2025 col.:21 - MONICA SULZBACHER
31/12/2025;;171;114,51;;91005 - INSS 12/2025 col.:21 - MONICA SULZBACHER
31/12/2025;171;;130;;95005 - Salário família 12/2025 col.:21 - MONICA SULZBACHER
31/12/2025;456;;101,69;;2005 - Atestado 12/2025 col.:21 - MONICA SULZBACHER
31/12/2025;;33;610,16;;903 - Adiantamento sem ded. IR 12/2025 col.:21 - MONICA SULZBACHER
31/12/2025;;456;91,52;;803 - Vale transporte 12/2025 col.:21 - MONICA SULZBACHER
31/12/2025;456;;1.423,71;;5 - Salário mensalista 12/2025 col.:21 - MONICA SULZBACHER
31/12/2025;;160;839,21;;Líquido Folha normal 12/2025 col.:21 - MONICA SULZBACHER
31/12/2025;468;172;116;;FGTS folha normal 12/2025 col.:25 - MARIA LUIZA DUTRA MATTOS
31/12/2025;;171;108,75;;91005 - INSS 12/2025 col.:25 - MARIA LUIZA DUTRA MATTOS
31/12/2025;;160;289,99;;7305 - Crédito do trabalhador 12/2025 col.:25 - MARIA LUIZA DUTRA MATTOS
31/12/2025;;33;464;;903 - Adiantamento sem ded. IR 12/2025 col.:25 - MARIA LUIZA DUTRA MATTOS
31/12/2025;;456;87;;803 - Vale transporte 12/2025 col.:25 - MARIA LUIZA DUTRA MATTOS
31/12/2025;456;;1.450,00;;5 - Salário mensalista 12/2025 col.:25 - MARIA LUIZA DUTRA MATTOS
31/12/2025;;160;500,26;;Líquido Folha normal 12/2025 col.:25 - MARIA LUIZA DUTRA MATTOS
31/12/2025;468;172;122,03;;FGTS folha normal 12/2025 col.:23 - IANA SILVA DE FREITAS
31/12/2025;;171;114,51;;91005 - INSS 12/2025 col.:23 - IANA SILVA DE FREITAS
31/12/2025;;33;610,16;;903 - Adiantamento sem ded. IR 12/2025 col.:23 - IANA SILVA DE FREITAS
31/12/2025;;456;91,52;;803 - Vale transporte 12/2025 col.:23 - IANA SILVA DE FREITAS
31/12/2025;456;;1.525,40;;5 - Salário mensalista 12/2025 col.:23 - IANA SILVA DE FREITAS
31/12/2025;;160;709,21;;Líquido Folha normal 12/2025 col.:23 - IANA SILVA DE FREITAS
31/12/2025;468;172;113,58;;FGTS folha normal 12/2025 col.:22 - IOLANDA AZEVEDO DUARTE
31/12/2025;;171;106,48;;91005 - INSS 12/2025 col.:22 - IOLANDA AZEVEDO DUARTE
31/12/2025;;33;405,65;;903 - Adiantamento sem ded. IR 12/2025 col.:22 - IOLANDA AZEVEDO DUARTE
31/12/2025;;456;60,85;;803 - Vale transporte 12/2025 col.:22 - IOLANDA AZEVEDO DUARTE
31/12/2025;456;;35,49;;763 - Faltas justificadas horas 12/2025 col.:22 - IOLANDA AZEVEDO DUARTE
31/12/2025;456;;405,65;;203 - Adicional insalubridade 12/2025 col.:22 - IOLANDA AZEVEDO DUARTE
31/12/2025;456;;978,64;;5 - Salário mensalista 12/2025 col.:22 - IOLANDA AZEVEDO DUARTE
31/12/2025;;160;846,8;;Líquido Folha normal 12/2025 col.:22 - IOLANDA AZEVEDO DUARTE
31/12/2025;468;172;268,98;;FGTS folha normal 12/2025 col.:17 - GREICE MARIA DOS SANTOS MACHADO
31/12/2025;;184;24,47;;91505 - IR 12/2025 col.:17 - GREICE MARIA DOS SANTOS MACHADO
31/12/2025;;171;296,88;;91005 - INSS 12/2025 col.:17 - GREICE MARIA DOS SANTOS MACHADO
31/12/2025;;33;1.344,92;;903 - Adiantamento sem ded. IR 12/2025 col.:17 - GREICE MARIA DOS SANTOS MACHADO
31/12/2025;;456;201,74;;803 - Vale transporte 12/2025 col.:17 - GREICE MARIA DOS SANTOS MACHADO
31/12/2025;456;;3.362,31;;5 - Salário mensalista 12/2025 col.:17 - GREICE MARIA DOS SANTOS MACHADO
31/12/2025;;160;1.494,30;;Líquido Folha normal 12/2025 col.:17 - GREICE MARIA DOS SANTOS MACHADO
31/12/2025;;171;1.419,78;;89105 - Desconto de situação auxílio doença 12/2025 col.:9 - TATIANE DA SILVA NUNES BARBOSA
31/12/2025;171;;405,65;;81032 - Sit. aux. doença adic. insalubridade 12/2025 col.:9 - TATIANE DA SILVA NUNES BARBOSA
31/12/2025;171;;1.014,13;;81005 - Situação auxílio doença 12/2025 col.:9 - TATIANE DA SILVA NUNES BARBOSA
31/12/2025;468;172;183,04;;FGTS folha normal 12/2025 col.:8 - SILVIA TARUEL RITTES TOLEDO
31/12/2025;;171;183,15;;91005 - INSS 12/2025 col.:8 - SILVIA TARUEL RITTES TOLEDO
31/12/2025;;33;915,24;;903 - Adiantamento sem ded. IR 12/2025 col.:8 - SILVIA TARUEL RITTES TOLEDO
31/12/2025;;456;137,29;;803 - Vale transporte 12/2025 col.:8 - SILVIA TARUEL RITTES TOLEDO
31/12/2025;456;;2.288,10;;5 - Salário mensalista 12/2025 col.:8 - SILVIA TARUEL RITTES TOLEDO
31/12/2025;;160;1.052,42;;Líquido Folha normal 12/2025 col.:8 - SILVIA TARUEL RITTES TOLEDO
31/12/2025;468;172;122,03;;FGTS folha normal 12/2025 col.:7 - MARIA ADRIANA SILVEIRA DA SILVA
31/12/2025;;171;114,51;;91005 - INSS 12/2025 col.:7 - MARIA ADRIANA SILVEIRA DA SILVA
31/12/2025;;33;610,16;;903 - Adiantamento sem ded. IR 12/2025 col.:7 - MARIA ADRIANA SILVEIRA DA SILVA
31/12/2025;456;;1.525,40;;5 - Salário mensalista 12/2025 col.:7 - MARIA ADRIANA SILVEIRA DA SILVA
31/12/2025;;160;800,73;;Líquido Folha normal 12/2025 col.:7 - MARIA ADRIANA SILVEIRA DA SILVA
31/12/2025;468;172;403,47;;FGTS Folha normal 12/2025 col.:1 - DENISE IENCZAK FERRI
31/12/2025;;184;322,67;;91505 - IR 12/2025 col.:1 - DENISE IENCZAK FERRI
31/12/2025;;171;515,66;;91005 - INSS 12/2025 col.:1 - DENISE IENCZAK FERRI
31/12/2025;;33;2.017,38;;903 - Adiantamento sem ded. IR 12/2025 col.:1 - DENISE IENCZAK FERRI
31/12/2025;456;;5.043,46;;5 - Salário mensalista 12/2025 col.:1 - DENISE IENCZAK FERRI
31/12/2025;;160;2.187,75;;Líquido Folha normal 12/2025 col.:1 - DENISE IENCZAK FERRI
20/12/2025;178;172;38,66;;FGTS 13º 12/2025 col.:25 - MARIA LUIZA DUTRA MATTOS
20/12/2025;;171;72,5;;91035 - INSS 13° salário 12/2025 col.:25 - MARIA LUIZA DUTRA MATTOS
20/12/2025;;38;483,33;;58005 - Desconto de adto. 13º salário 12/2025 col.:25 - MARIA LUIZA DUTRA MATTOS
20/12/2025;176;;966,67;;50005 - 13° salário 12/2025 col.:25 - MARIA LUIZA DUTRA MATTOS
20/12/2025;;163;410,84;;Líquido 13° salário 12/2025 col.:25 - MARIA LUIZA DUTRA MATTOS
20/12/2025;178;172;45,76;;FGTS 13º 12/2025 col.:23 - IANA SILVA DE FREITAS
20/12/2025;;171;85,8;;91035 - INSS 13° salário 12/2025 col.:23 - IANA SILVA DE FREITAS
20/12/2025;;38;572,03;;58005 - Desconto de adto. 13º salário 12/2025 col.:23 - IANA SILVA DE FREITAS
20/12/2025;176;;1.144,05;;50005 - 13° salário 12/2025 col.:23 - IANA SILVA DE FREITAS
20/12/2025;;163;486,22;;Líquido 13° salário 12/2025 col.:23 - IANA SILVA DE FREITAS
20/12/2025;178;172;56,79;;FGTS 13º 12/2025 col.:22 - IOLANDA AZEVEDO DUARTE
20/12/2025;;171;70,98;;91035 - INSS 13° salário 12/2025 col.:22 - IOLANDA AZEVEDO DUARTE
20/12/2025;;38;473,26;;58005 - Desconto de adto. 13º salário 12/2025 col.:22 - IOLANDA AZEVEDO DUARTE
20/12/2025;176;;270,43;;50152 - 13° salário adic. insalubridade 12/2025 col.:22 - IOLANDA AZEVEDO DUARTE
20/12/2025;176;;676,09;;50005 - 13° salário 12/2025 col.:22 - IOLANDA AZEVEDO DUARTE
20/12/2025;;163;402,28;;Líquido 13° salário 12/2025 col.:22 - IOLANDA AZEVEDO DUARTE
20/12/2025;178;172;61,01;;FGTS 13º 12/2025 col.:21 - MONICA SULZBACHER
20/12/2025;;171;114,51;;91035 - INSS 13° salário 12/2025 col.:21 - MONICA SULZBACHER
20/12/2025;;38;762,7;;58005 - Desconto de adto. 13º salário 12/2025 col.:21 - MONICA SULZBACHER
20/12/2025;176;;1.525,40;;50005 - 13° salário 12/2025 col.:21 - MONICA SULZBACHER
20/12/2025;;163;648,19;;Líquido 13° salário 12/2025 col.:21 - MONICA SULZBACHER
20/12/2025;178;172;134,49;;FGTS 13º 12/2025 col.:17 - GREICE MARIA DOS SANTOS MACHADO
20/12/2025;;184;24,47;;91535 - IR 13° salário 12/2025 col.:17 - GREICE MARIA DOS SANTOS MACHADO
20/12/2025;;171;296,88;;91035 - INSS 13° salário 12/2025 col.:17 - GREICE MARIA DOS SANTOS MACHADO
20/12/2025;;38;1.681,16;;58005 - Desconto de adto. 13º salário 12/2025 col.:17 - GREICE MARIA DOS SANTOS MACHADO
20/12/2025;176;;3.362,31;;50005 - 13° salário 12/2025 col.:17 - GREICE MARIA DOS SANTOS MACHADO
20/12/2025;;163;1.359,80;;Líquido 13° salário 12/2025 col.:17 - GREICE MARIA DOS SANTOS MACHADO
20/12/2025;;38;1.014,13;;59105 - Desc. 13º sal. sit. auxílio doença 12/2025 col.:9 - TATIANE DA SILVA NUNES BARBOSA
20/12/2025;176;;1.014,13;;53005 - 13º salário situação auxílio doença 12/2025 col.:9 - TATIANE DA SILVA NUNES BARBOSA
20/12/2025;178;172;91,52;;FGTS 13º 12/2025 col.:8 - SILVIA TARUEL RITTES TOLEDO
20/12/2025;;171;183,15;;91035 - INSS 13° salário 12/2025 col.:8 - SILVIA TARUEL RITTES TOLEDO
20/12/2025;;38;1.144,05;;58005 - Desconto de adto. 13º salário 12/2025 col.:8 - SILVIA TARUEL RITTES TOLEDO
20/12/2025;176;;2.288,10;;50005 - 13° salário 12/2025 col.:8 - SILVIA TARUEL RITTES TOLEDO
20/12/2025;;163;960,9;;Líquido 13° salário 12/2025 col.:8 - SILVIA TARUEL RITTES TOLEDO
20/12/2025;178;172;61,01;;FGTS 13º 12/2025 col.:7 - MARIA ADRIANA SILVEIRA DA SILVA
20/12/2025;;171;114,51;;91035 - INSS 13° salário 12/2025 col.:7 - MARIA ADRIANA SILVEIRA DA SILVA
20/12/2025;;38;762,7;;58005 - Desconto de adto. 13º salário 12/2025 col.:7 - MARIA ADRIANA SILVEIRA DA SILVA
20/12/2025;176;;1.525,40;;50005 - 13° salário 12/2025 col.:7 - MARIA ADRIANA SILVEIRA DA SILVA
20/12/2025;;163;648,19;;Líquido 13° salário 12/2025 col.:7 - MARIA ADRIANA SILVEIRA DA SILVA
20/12/2025;178;172;201,73;;FGTS 13º 12/2025 col.:1 - DENISE IENCZAK FERRI
20/12/2025;;184;322,67;;91535 - IR 13° salário 12/2025 col.:1 - DENISE IENCZAK FERRI
20/12/2025;;171;515,66;;91035 - INSS 13° salário 12/2025 col.:1 - DENISE IENCZAK FERRI
20/12/2025;;38;2.521,73;;58005 - Desconto de adto. 13º salário 12/2025 col.:1 - DENISE IENCZAK FERRI
20/12/2025;176;;5.043,46;;50005 - 13° salário 12/2025 col.:1 - DENISE IENCZAK FERRI
20/12/2025;;163;1.683,40;;Líquido 13° salário 12/2025 col.:1 - DENISE IENCZAK FERRI
15/12/2025;33;160;464;;Líquido Adiantamento salário 12/2025 col.:25 - MARIA LUIZA DUTRA MATTOS
15/12/2025;33;160;610,16;;Líquido Adiantamento salário 12/2025 col.:23 - IANA SILVA DE FREITAS
15/12/2025;33;160;405,65;;Líquido Adiantamento salário 12/2025 col.:22 - IOLANDA AZEVEDO DUARTE
15/12/2025;33;160;610,16;;Líquido Adiantamento salário 12/2025 col.:21 - MONICA SULZBACHER
15/12/2025;33;160;1.344,92;;Líquido Adiantamento salário 12/2025 col.:17 - GREICE MARIA DOS SANTOS MACHADO
15/12/2025;33;160;915,24;;Líquido Adiantamento salário 12/2025 col.:8 - SILVIA TARUEL RITTES TOLEDO
15/12/2025;33;160;610,16;;Líquido Adiantamento salário 12/2025 col.:7 - MARIA ADRIANA SILVEIRA DA SILVA
15/12/2025;33;160;2.017,38;;Líquido Adiantamento salário 12/2025 col.:1 - DENISE IENCZAK FERRI
30/11/2025;468;172;116;;FGTS folha normal 11/2025 col.:25 - MARIA LUIZA DUTRA MATTOS
30/11/2025;;171;108,75;;91005 - INSS 11/2025 col.:25 - MARIA LUIZA DUTRA MATTOS
30/11/2025;;33;580;;903 - Adiantamento sem ded. IR 11/2025 col.:25 - MARIA LUIZA DUTRA MATTOS
30/11/2025;;456;87;;803 - Vale transporte 11/2025 col.:25 - MARIA LUIZA DUTRA MATTOS
30/11/2025;456;;1.450,00;;5 - Salário mensalista 11/2025 col.:25 - MARIA LUIZA DUTRA MATTOS
30/11/2025;;160;674,25;;Líquido Folha normal 11/2025 col.:25 - MARIA LUIZA DUTRA MATTOS
30/11/2025;468;172;122,03;;FGTS folha normal 11/2025 col.:23 - IANA SILVA DE FREITAS
30/11/2025;;171;114,51;;91005 - INSS 11/2025 col.:23 - IANA SILVA DE FREITAS
30/11/2025;;33;610,16;;903 - Adiantamento sem ded. IR 11/2025 col.:23 - IANA SILVA DE FREITAS
30/11/2025;;456;91,52;;803 - Vale transporte 11/2025 col.:23 - IANA SILVA DE FREITAS
30/11/2025;456;;1.525,40;;5 - Salário mensalista 11/2025 col.:23 - IANA SILVA DE FREITAS
30/11/2025;;160;709,21;;Líquido Folha normal 11/2025 col.:23 - IANA SILVA DE FREITAS
30/11/2025;468;172;113,58;;FGTS folha normal 11/2025 col.:22 - IOLANDA AZEVEDO DUARTE
30/11/2025;;171;106,48;;91005 - INSS 11/2025 col.:22 - IOLANDA AZEVEDO DUARTE
30/11/2025;;33;405,65;;903 - Adiantamento sem ded. IR 11/2025 col.:22 - IOLANDA AZEVEDO DUARTE
30/11/2025;;456;60,85;;803 - Vale transporte 11/2025 col.:22 - IOLANDA AZEVEDO DUARTE
30/11/2025;456;;405,65;;203 - Adicional insalubridade 11/2025 col.:22 - IOLANDA AZEVEDO DUARTE
30/11/2025;456;;1.014,13;;5 - Salário mensalista 11/2025 col.:22 - IOLANDA AZEVEDO DUARTE
30/11/2025;;160;846,8;;Líquido Folha normal 11/2025 col.:22 - IOLANDA AZEVEDO DUARTE
30/11/2025;468;172;122,03;;FGTS folha normal 11/2025 col.:21 - MONICA SULZBACHER
30/11/2025;;171;114,51;;91005 - INSS 11/2025 col.:21 - MONICA SULZBACHER
30/11/2025;171;;130;;95005 - Salário família 11/2025 col.:21 - MONICA SULZBACHER
30/11/2025;;33;610,16;;903 - Adiantamento sem ded. IR 11/2025 col.:21 - MONICA SULZBACHER
30/11/2025;;456;91,52;;803 - Vale transporte 11/2025 col.:21 - MONICA SULZBACHER
30/11/2025;456;;1.525,40;;5 - Salário mensalista 11/2025 col.:21 - MONICA SULZBACHER
30/11/2025;;160;839,21;;Líquido Folha normal 11/2025 col.:21 - MONICA SULZBACHER
30/11/2025;468;172;268,98;;FGTS folha normal 11/2025 col.:17 - GREICE MARIA DOS SANTOS MACHADO
30/11/2025;;184;24,47;;91505 - IR 11/2025 col.:17 - GREICE MARIA DOS SANTOS MACHADO
30/11/2025;;171;296,88;;91005 - INSS 11/2025 col.:17 - GREICE MARIA DOS SANTOS MACHADO
30/11/2025;;33;1.344,92;;903 - Adiantamento sem ded. IR 11/2025 col.:17 - GREICE MARIA DOS SANTOS MACHADO
30/11/2025;;456;201,74;;803 - Vale transporte 11/2025 col.:17 - GREICE MARIA DOS SANTOS MACHADO
30/11/2025;456;;33,62;;763 - Faltas justificadas horas 11/2025 col.:17 - GREICE MARIA DOS SANTOS MACHADO
30/11/2025;456;;3.328,69;;5 - Salário mensalista 11/2025 col.:17 - GREICE MARIA DOS SANTOS MACHADO
30/11/2025;;160;1.494,30;;Líquido Folha normal 11/2025 col.:17 - GREICE MARIA DOS SANTOS MACHADO
30/11/2025;;171;1.419,78;;89105 - Desconto de situação auxílio doença 11/2025 col.:9 - TATIANE DA SILVA NUNES BARBOSA
30/11/2025;171;;405,65;;81032 - Sit. aux. doença adic. insalubridade 11/2025 col.:9 - TATIANE DA SILVA NUNES BARBOSA
30/11/2025;171;;1.014,13;;81005 - Situação auxílio doença 11/2025 col.:9 - TATIANE DA SILVA NUNES BARBOSA
30/11/2025;468;172;183,04;;FGTS folha normal 11/2025 col.:8 - SILVIA TARUEL RITTES TOLEDO
30/11/2025;;171;183,15;;91005 - INSS 11/2025 col.:8 - SILVIA TARUEL RITTES TOLEDO
30/11/2025;;33;915,24;;903 - Adiantamento sem ded. IR 11/2025 col.:8 - SILVIA TARUEL RITTES TOLEDO
30/11/2025;;456;137,29;;803 - Vale transporte 11/2025 col.:8 - SILVIA TARUEL RITTES TOLEDO
30/11/2025;456;;2.288,10;;5 - Salário mensalista 11/2025 col.:8 - SILVIA TARUEL RITTES TOLEDO
30/11/2025;;160;1.052,42;;Líquido Folha normal 11/2025 col.:8 - SILVIA TARUEL RITTES TOLEDO
30/11/2025;468;172;122,03;;FGTS folha normal 11/2025 col.:7 - MARIA ADRIANA SILVEIRA DA SILVA
30/11/2025;;171;114,51;;91005 - INSS 11/2025 col.:7 - MARIA ADRIANA SILVEIRA DA SILVA
30/11/2025;;33;610,16;;903 - Adiantamento sem ded. IR 11/2025 col.:7 - MARIA ADRIANA SILVEIRA DA SILVA
30/11/2025;456;;1.525,40;;5 - Salário mensalista 11/2025 col.:7 - MARIA ADRIANA SILVEIRA DA SILVA
30/11/2025;;160;800,73;;Líquido Folha normal 11/2025 col.:7 - MARIA ADRIANA SILVEIRA DA SILVA
30/11/2025;468;172;403,47;;FGTS Folha normal 11/2025 col.:1 - DENISE IENCZAK FERRI
30/11/2025;;184;322,67;;91505 - IR 11/2025 col.:1 - DENISE IENCZAK FERRI
30/11/2025;;171;515,66;;91005 - INSS 11/2025 col.:1 - DENISE IENCZAK FERRI
30/11/2025;;33;2.017,38;;903 - Adiantamento sem ded. IR 11/2025 col.:1 - DENISE IENCZAK FERRI
30/11/2025;456;;5.043,46;;5 - Salário mensalista 11/2025 col.:1 - DENISE IENCZAK FERRI
30/11/2025;;160;2.187,75;;Líquido Folha normal 11/2025 col.:1 - DENISE IENCZAK FERRI
30/11/2025;178;172;38,66;;FGTS adiantamento 13º 11/2025 col.:25 - MARIA LUIZA DUTRA MATTOS col.:000025
30/11/2025;38;163;483,33;;Líquido Adiantamento 13° salário 11/2025 col.:25 - MARIA LUIZA DUTRA MATTOS col.:000025
30/11/2025;178;172;45,76;;FGTS adiantamento 13º 11/2025 col.:23 - IANA SILVA DE FREITAS col.:000023
30/11/2025;38;163;572,03;;Líquido Adiantamento 13° salário 11/2025 col.:23 - IANA SILVA DE FREITAS col.:000023
30/11/2025;178;172;56,79;;FGTS adiantamento 13º 11/2025 col.:22 - IOLANDA AZEVEDO DUARTE col.:000022
30/11/2025;38;163;473,26;;Líquido Adiantamento 13° salário 11/2025 col.:22 - IOLANDA AZEVEDO DUARTE col.:000022
30/11/2025;178;172;61,01;;FGTS adiantamento 13º 11/2025 col.:21 - MONICA SULZBACHER col.:000021
30/11/2025;38;163;762,7;;Líquido Adiantamento 13° salário 11/2025 col.:21 - MONICA SULZBACHER col.:000021
15/11/2025;33;160;580;;Líquido Adiantamento salário 11/2025 col.:25 - MARIA LUIZA DUTRA MATTOS
15/11/2025;33;160;610,16;;Líquido Adiantamento salário 11/2025 col.:23 - IANA SILVA DE FREITAS
15/11/2025;33;160;405,65;;Líquido Adiantamento salário 11/2025 col.:22 - IOLANDA AZEVEDO DUARTE
15/11/2025;33;160;610,16;;Líquido Adiantamento salário 11/2025 col.:21 - MONICA SULZBACHER
15/11/2025;33;160;1.344,92;;Líquido Adiantamento salário 11/2025 col.:17 - GREICE MARIA DOS SANTOS MACHADO
15/11/2025;33;160;915,24;;Líquido Adiantamento salário 11/2025 col.:8 - SILVIA TARUEL RITTES TOLEDO
15/11/2025;33;160;610,16;;Líquido Adiantamento salário 11/2025 col.:7 - MARIA ADRIANA SILVEIRA DA SILVA
15/11/2025;33;160;2.017,38;;Líquido Adiantamento salário 11/2025 col.:1 - DENISE IENCZAK FERRI
31/10/2025;468;172;116;;FGTS folha normal 10/2025 col.:25 - MARIA LUIZA DUTRA MATTOS
31/10/2025;;171;108,75;;91005 - INSS 10/2025 col.:25 - MARIA LUIZA DUTRA MATTOS
31/10/2025;456;;48,33;;2005 - Atestado 10/2025 col.:25 - MARIA LUIZA DUTRA MATTOS
31/10/2025;;33;580;;903 - Adiantamento sem ded. IR 10/2025 col.:25 - MARIA LUIZA DUTRA MATTOS
31/10/2025;;456;87;;803 - Vale transporte 10/2025 col.:25 - MARIA LUIZA DUTRA MATTOS
31/10/2025;456;;1.401,67;;5 - Salário mensalista 10/2025 col.:25 - MARIA LUIZA DUTRA MATTOS
31/10/2025;;160;674,25;;Líquido Folha normal 10/2025 col.:25 - MARIA LUIZA DUTRA MATTOS
31/10/2025;468;172;122,03;;FGTS folha normal 10/2025 col.:23 - IANA SILVA DE FREITAS
31/10/2025;;171;114,51;;91005 - INSS 10/2025 col.:23 - IANA SILVA DE FREITAS
31/10/2025;;33;610,16;;903 - Adiantamento sem ded. IR 10/2025 col.:23 - IANA SILVA DE FREITAS
31/10/2025;;456;91,52;;803 - Vale transporte 10/2025 col.:23 - IANA SILVA DE FREITAS
31/10/2025;456;;1.525,40;;5 - Salário mensalista 10/2025 col.:23 - IANA SILVA DE FREITAS
31/10/2025;;160;709,21;;Líquido Folha normal 10/2025 col.:23 - IANA SILVA DE FREITAS
31/10/2025;468;172;113,58;;FGTS folha normal 10/2025 col.:22 - IOLANDA AZEVEDO DUARTE
31/10/2025;;171;106,48;;91005 - INSS 10/2025 col.:22 - IOLANDA AZEVEDO DUARTE
31/10/2025;;33;405,65;;903 - Adiantamento sem ded. IR 10/2025 col.:22 - IOLANDA AZEVEDO DUARTE
31/10/2025;;456;60,85;;803 - Vale transporte 10/2025 col.:22 - IOLANDA AZEVEDO DUARTE
31/10/2025;456;;405,65;;203 - Adicional insalubridade 10/2025 col.:22 - IOLANDA AZEVEDO DUARTE
31/10/2025;456;;1.014,13;;5 - Salário mensalista 10/2025 col.:22 - IOLANDA AZEVEDO DUARTE
31/10/2025;;160;846,8;;Líquido Folha normal 10/2025 col.:22 - IOLANDA AZEVEDO DUARTE
31/10/2025;468;172;122,03;;FGTS folha normal 10/2025 col.:21 - MONICA SULZBACHER
31/10/2025;;171;114,51;;91005 - INSS 10/2025 col.:21 - MONICA SULZBACHER
31/10/2025;171;;130;;95005 - Salário família 10/2025 col.:21 - MONICA SULZBACHER
31/10/2025;;33;610,16;;903 - Adiantamento sem ded. IR 10/2025 col.:21 - MONICA SULZBACHER
31/10/2025;;456;91,52;;803 - Vale transporte 10/2025 col.:21 - MONICA SULZBACHER
31/10/2025;456;;1.525,40;;5 - Salário mensalista 10/2025 col.:21 - MONICA SULZBACHER
31/10/2025;;160;839,21;;Líquido Folha normal 10/2025 col.:21 - MONICA SULZBACHER
31/10/2025;;171;1.419,78;;89105 - Desconto de situação auxílio doença 10/2025 col.:9 - TATIANE DA SILVA NUNES BARBOSA
31/10/2025;171;;405,65;;81032 - Sit. aux. doença adic. insalubridade 10/2025 col.:9 - TATIANE DA SILVA NUNES BARBOSA
31/10/2025;171;;1.014,13;;81005 - Situação auxílio doença 10/2025 col.:9 - TATIANE DA SILVA NUNES BARBOSA
31/10/2025;468;172;183,04;;FGTS folha normal 10/2025 col.:8 - SILVIA TARUEL RITTES TOLEDO
31/10/2025;;171;183,15;;91005 - INSS 10/2025 col.:8 - SILVIA TARUEL RITTES TOLEDO
31/10/2025;456;;76,27;;2005 - Atestado 10/2025 col.:8 - SILVIA TARUEL RITTES TOLEDO
31/10/2025;;33;915,24;;903 - Adiantamento sem ded. IR 10/2025 col.:8 - SILVIA TARUEL RITTES TOLEDO
31/10/2025;;456;137,29;;803 - Vale transporte 10/2025 col.:8 - SILVIA TARUEL RITTES TOLEDO
31/10/2025;456;;2.211,83;;5 - Salário mensalista 10/2025 col.:8 - SILVIA TARUEL RITTES TOLEDO
31/10/2025;;160;1.052,42;;Líquido Folha normal 10/2025 col.:8 - SILVIA TARUEL RITTES TOLEDO
31/10/2025;468;172;122,03;;FGTS folha normal 10/2025 col.:7 - MARIA ADRIANA SILVEIRA DA SILVA
31/10/2025;;171;114,51;;91005 - INSS 10/2025 col.:7 - MARIA ADRIANA SILVEIRA DA SILVA
31/10/2025;;33;610,16;;903 - Adiantamento sem ded. IR 10/2025 col.:7 - MARIA ADRIANA SILVEIRA DA SILVA
31/10/2025;456;;1.525,40;;5 - Salário mensalista 10/2025 col.:7 - MARIA ADRIANA SILVEIRA DA SILVA
31/10/2025;;160;800,73;;Líquido Folha normal 10/2025 col.:7 - MARIA ADRIANA SILVEIRA DA SILVA
31/10/2025;468;172;403,47;;FGTS Folha normal 10/2025 col.:1 - DENISE IENCZAK FERRI
31/10/2025;;184;322,67;;91505 - IR 10/2025 col.:1 - DENISE IENCZAK FERRI
31/10/2025;;171;515,66;;91005 - INSS 10/2025 col.:1 - DENISE IENCZAK FERRI
31/10/2025;;33;2.017,38;;903 - Adiantamento sem ded. IR 10/2025 col.:1 - DENISE IENCZAK FERRI
31/10/2025;456;;5.043,46;;5 - Salário mensalista 10/2025 col.:1 - DENISE IENCZAK FERRI
31/10/2025;;160;2.187,75;;Líquido Folha normal 10/2025 col.:1 - DENISE IENCZAK FERRI
31/10/2025;468;172;268,98;;FGTS folha normal 10/2025 col.:17 - GREICE MARIA DOS SANTOS MACHADO
31/10/2025;;184;24,47;;91505 - IR 10/2025 col.:17 - GREICE MARIA DOS SANTOS MACHADO
31/10/2025;;171;296,88;;91005 - INSS 10/2025 col.:17 - GREICE MARIA DOS SANTOS MACHADO
31/10/2025;456;;112,08;;2005 - Atestado 10/2025 col.:17 - GREICE MARIA DOS SANTOS MACHADO
31/10/2025;;33;1.344,92;;903 - Adiantamento sem ded. IR 10/2025 col.:17 - GREICE MARIA DOS SANTOS MACHADO
31/10/2025;;456;201,74;;803 - Vale transporte 10/2025 col.:17 - GREICE MARIA DOS SANTOS MACHADO
31/10/2025;456;;3.250,23;;5 - Salário mensalista 10/2025 col.:17 - GREICE MARIA DOS SANTOS MACHADO
31/10/2025;;160;1.494,30;;Líquido Folha normal 10/2025 col.:17 - GREICE MARIA DOS SANTOS MACHADO
15/10/2025;33;160;580;;Líquido Adiantamento salário 10/2025 col.:25 - MARIA LUIZA DUTRA MATTOS
15/10/2025;33;160;610,16;;Líquido Adiantamento salário 10/2025 col.:23 - IANA SILVA DE FREITAS
15/10/2025;33;160;405,65;;Líquido Adiantamento salário 10/2025 col.:22 - IOLANDA AZEVEDO DUARTE
15/10/2025;33;160;610,16;;Líquido Adiantamento salário 10/2025 col.:21 - MONICA SULZBACHER
15/10/2025;33;160;1.344,92;;Líquido Adiantamento salário 10/2025 col.:17 - GREICE MARIA DOS SANTOS MACHADO
15/10/2025;33;160;915,24;;Líquido Adiantamento salário 10/2025 col.:8 - SILVIA TARUEL RITTES TOLEDO
15/10/2025;33;160;610,16;;Líquido Adiantamento salário 10/2025 col.:7 - MARIA ADRIANA SILVEIRA DA SILVA
15/10/2025;33;160;2.017,38;;Líquido Adiantamento salário 10/2025 col.:1 - DENISE IENCZAK FERRI
30/09/2025;468;172;113,58;;FGTS folha normal 09/2025 col.:22 - IOLANDA AZEVEDO DUARTE
30/09/2025;;171;106,48;;91005 - INSS 09/2025 col.:22 - IOLANDA AZEVEDO DUARTE
30/09/2025;;33;405,65;;903 - Adiantamento sem ded. IR 09/2025 col.:22 - IOLANDA AZEVEDO DUARTE
30/09/2025;;456;100;;872 - Vale 09/2025 col.:22 - IOLANDA AZEVEDO DUARTE
30/09/2025;;456;60,85;;803 - Vale transporte 09/2025 col.:22 - IOLANDA AZEVEDO DUARTE
30/09/2025;456;;405,65;;203 - Adicional insalubridade 09/2025 col.:22 - IOLANDA AZEVEDO DUARTE
30/09/2025;456;;1.014,13;;5 - Salário mensalista 09/2025 col.:22 - IOLANDA AZEVEDO DUARTE
30/09/2025;;160;746,8;;Líquido Folha normal 09/2025 col.:22 - IOLANDA AZEVEDO DUARTE
30/09/2025;468;172;122,03;;FGTS folha normal 09/2025 col.:7 - MARIA ADRIANA SILVEIRA DA SILVA
30/09/2025;;171;114,51;;91005 - INSS 09/2025 col.:7 - MARIA ADRIANA SILVEIRA DA SILVA
30/09/2025;456;;50,85;;2005 - Atestado 09/2025 col.:7 - MARIA ADRIANA SILVEIRA DA SILVA
30/09/2025;;33;610,16;;903 - Adiantamento sem ded. IR 09/2025 col.:7 - MARIA ADRIANA SILVEIRA DA SILVA
30/09/2025;456;;1.474,55;;5 - Salário mensalista 09/2025 col.:7 - MARIA ADRIANA SILVEIRA DA SILVA
30/09/2025;;160;800,73;;Líquido Folha normal 09/2025 col.:7 - MARIA ADRIANA SILVEIRA DA SILVA
30/09/2025;468;172;116;;FGTS folha normal 09/2025 col.:25 - MARIA LUIZA DUTRA MATTOS
30/09/2025;;171;108,75;;91005 - INSS 09/2025 col.:25 - MARIA LUIZA DUTRA MATTOS
30/09/2025;;33;580;;903 - Adiantamento sem ded. IR 09/2025 col.:25 - MARIA LUIZA DUTRA MATTOS
30/09/2025;;456;87;;803 - Vale transporte 09/2025 col.:25 - MARIA LUIZA DUTRA MATTOS
30/09/2025;456;;1.450,00;;5 - Salário mensalista 09/2025 col.:25 - MARIA LUIZA DUTRA MATTOS
30/09/2025;;160;674,25;;Líquido Folha normal 09/2025 col.:25 - MARIA LUIZA DUTRA MATTOS
30/09/2025;468;172;122,03;;FGTS folha normal 09/2025 col.:23 - IANA SILVA DE FREITAS
30/09/2025;;171;114,51;;91005 - INSS 09/2025 col.:23 - IANA SILVA DE FREITAS
30/09/2025;;33;610,16;;903 - Adiantamento sem ded. IR 09/2025 col.:23 - IANA SILVA DE FREITAS
30/09/2025;;456;91,52;;803 - Vale transporte 09/2025 col.:23 - IANA SILVA DE FREITAS
30/09/2025;456;;1.525,40;;5 - Salário mensalista 09/2025 col.:23 - IANA SILVA DE FREITAS
30/09/2025;;160;709,21;;Líquido Folha normal 09/2025 col.:23 - IANA SILVA DE FREITAS
30/09/2025;468;172;122,03;;FGTS folha normal 09/2025 col.:21 - MONICA SULZBACHER
30/09/2025;;171;114,51;;91005 - INSS 09/2025 col.:21 - MONICA SULZBACHER
30/09/2025;171;;130;;95005 - Salário família 09/2025 col.:21 - MONICA SULZBACHER
30/09/2025;;33;610,16;;903 - Adiantamento sem ded. IR 09/2025 col.:21 - MONICA SULZBACHER
30/09/2025;;456;91,52;;803 - Vale transporte 09/2025 col.:21 - MONICA SULZBACHER
30/09/2025;456;;1.525,40;;5 - Salário mensalista 09/2025 col.:21 - MONICA SULZBACHER
30/09/2025;;160;839,21;;Líquido Folha normal 09/2025 col.:21 - MONICA SULZBACHER
30/09/2025;468;172;268,98;;FGTS folha normal 09/2025 col.:17 - GREICE MARIA DOS SANTOS MACHADO
30/09/2025;;184;24,47;;91505 - IR 09/2025 col.:17 - GREICE MARIA DOS SANTOS MACHADO
30/09/2025;;171;296,88;;91005 - INSS 09/2025 col.:17 - GREICE MARIA DOS SANTOS MACHADO
30/09/2025;;33;1.344,92;;903 - Adiantamento sem ded. IR 09/2025 col.:17 - GREICE MARIA DOS SANTOS MACHADO
30/09/2025;;456;201,74;;803 - Vale transporte 09/2025 col.:17 - GREICE MARIA DOS SANTOS MACHADO
30/09/2025;456;;3.362,31;;5 - Salário mensalista 09/2025 col.:17 - GREICE MARIA DOS SANTOS MACHADO
30/09/2025;;160;1.494,30;;Líquido Folha normal 09/2025 col.:17 - GREICE MARIA DOS SANTOS MACHADO
30/09/2025;;171;1.419,78;;89105 - Desconto de situação auxílio doença 09/2025 col.:9 - TATIANE DA SILVA NUNES BARBOSA
30/09/2025;171;;405,65;;81032 - Sit. aux. doença adic. insalubridade 09/2025 col.:9 - TATIANE DA SILVA NUNES BARBOSA
30/09/2025;171;;1.014,13;;81005 - Situação auxílio doença 09/2025 col.:9 - TATIANE DA SILVA NUNES BARBOSA
30/09/2025;468;172;183,04;;FGTS folha normal 09/2025 col.:8 - SILVIA TARUEL RITTES TOLEDO
30/09/2025;;171;183,15;;91005 - INSS 09/2025 col.:8 - SILVIA TARUEL RITTES TOLEDO
30/09/2025;;33;915,24;;903 - Adiantamento sem ded. IR 09/2025 col.:8 - SILVIA TARUEL RITTES TOLEDO
30/09/2025;;456;137,29;;803 - Vale transporte 09/2025 col.:8 - SILVIA TARUEL RITTES TOLEDO
30/09/2025;456;;2.288,10;;5 - Salário mensalista 09/2025 col.:8 - SILVIA TARUEL RITTES TOLEDO
30/09/2025;;160;1.052,42;;Líquido Folha normal 09/2025 col.:8 - SILVIA TARUEL RITTES TOLEDO
30/09/2025;468;172;403,47;;FGTS Folha normal 09/2025 col.:1 - DENISE IENCZAK FERRI
30/09/2025;;184;322,67;;91505 - IR 09/2025 col.:1 - DENISE IENCZAK FERRI
30/09/2025;;171;515,66;;91005 - INSS 09/2025 col.:1 - DENISE IENCZAK FERRI
30/09/2025;;33;2.017,38;;903 - Adiantamento sem ded. IR 09/2025 col.:1 - DENISE IENCZAK FERRI
30/09/2025;456;;5.043,46;;5 - Salário mensalista 09/2025 col.:1 - DENISE IENCZAK FERRI
30/09/2025;;160;2.187,75;;Líquido Folha normal 09/2025 col.:1 - DENISE IENCZAK FERRI
15/09/2025;33;160;580;;Líquido Adiantamento salário 09/2025 col.:25 - MARIA LUIZA DUTRA MATTOS
15/09/2025;33;160;610,16;;Líquido Adiantamento salário 09/2025 col.:23 - IANA SILVA DE FREITAS
15/09/2025;33;160;405,65;;Líquido Adiantamento salário 09/2025 col.:22 - IOLANDA AZEVEDO DUARTE
15/09/2025;33;160;610,16;;Líquido Adiantamento salário 09/2025 col.:21 - MONICA SULZBACHER
15/09/2025;33;160;1.344,92;;Líquido Adiantamento salário 09/2025 col.:17 - GREICE MARIA DOS SANTOS MACHADO
15/09/2025;33;160;915,24;;Líquido Adiantamento salário 09/2025 col.:8 - SILVIA TARUEL RITTES TOLEDO
15/09/2025;33;160;610,16;;Líquido Adiantamento salário 09/2025 col.:7 - MARIA ADRIANA SILVEIRA DA SILVA
15/09/2025;33;160;2.017,38;;Líquido Adiantamento salário 09/2025 col.:1 - DENISE IENCZAK FERRI
31/08/2025;;171;1.419,78;;89105 - Desconto de situação auxílio doença 08/2025 col.:9 - TATIANE DA SILVA NUNES BARBOSA
31/08/2025;171;;405,65;;81032 - Sit. aux. doença adic. insalubridade 08/2025 col.:9 - TATIANE DA SILVA NUNES BARBOSA
31/08/2025;171;;1.014,13;;81005 - Situação auxílio doença 08/2025 col.:9 - TATIANE DA SILVA NUNES BARBOSA
31/08/2025;468;172;162,25;;FGTS folha normal 08/2025 col.:22 - IOLANDA AZEVEDO DUARTE
31/08/2025;;171;159,77;;91005 - INSS 08/2025 col.:22 - IOLANDA AZEVEDO DUARTE
31/08/2025;;33;405,65;;903 - Adiantamento sem ded. IR 08/2025 col.:22 - IOLANDA AZEVEDO DUARTE
31/08/2025;;456;100;;872 - Vale 08/2025 col.:22 - IOLANDA AZEVEDO DUARTE
31/08/2025;;456;60,85;;803 - Vale transporte 08/2025 col.:22 - IOLANDA AZEVEDO DUARTE
31/08/2025;456;;608,46;;205 - Dif Insalubridade 08/2025 col.:22 - IOLANDA AZEVEDO DUARTE
31/08/2025;456;;405,65;;203 - Adicional insalubridade 08/2025 col.:22 - IOLANDA AZEVEDO DUARTE
31/08/2025;456;;1.014,13;;5 - Salário mensalista 08/2025 col.:22 - IOLANDA AZEVEDO DUARTE
31/08/2025;;160;1.301,97;;Líquido Folha normal 08/2025 col.:22 - IOLANDA AZEVEDO DUARTE
31/08/2025;179;172;154,57;;FGTS férias folha 08/2025 col.:8 - SILVIA TARUEL RITTES TOLEDO
31/08/2025;468;172;67,12;;FGTS folha normal 08/2025 col.:8 - SILVIA TARUEL RITTES TOLEDO
31/08/2025;;39;1.756,56;;14503 - Desconto de férias 08/2025 col.:8 - SILVIA TARUEL RITTES TOLEDO
31/08/2025;;171;51,02;;91005 - INSS 08/2025 col.:8 - SILVIA TARUEL RITTES TOLEDO
31/08/2025;;171;175,61;;91025 - INSS demonstrativo férias 08/2025 col.:8 - SILVIA TARUEL RITTES TOLEDO
31/08/2025;456;;228,81;;2005 - Atestado 08/2025 col.:8 - SILVIA TARUEL RITTES TOLEDO
31/08/2025;;456;50,34;;803 - Vale transporte 08/2025 col.:8 - SILVIA TARUEL RITTES TOLEDO
31/08/2025;177;;483,04;;10993 - Demonstrativo 1/3 férias 08/2025 col.:8 - SILVIA TARUEL RITTES TOLEDO
31/08/2025;177;;1.449,13;;10005 - Demonstrativo de férias 08/2025 col.:8 - SILVIA TARUEL RITTES TOLEDO
31/08/2025;456;;610,16;;5 - Salário mensalista 08/2025 col.:8 - SILVIA TARUEL RITTES TOLEDO
31/08/2025;;160;737,61;;Líquido Folha normal 08/2025 col.:8 - SILVIA TARUEL RITTES TOLEDO
31/08/2025;468;172;116;;FGTS folha normal 08/2025 col.:25 - MARIA LUIZA DUTRA MATTOS
31/08/2025;;171;108,75;;91005 - INSS 08/2025 col.:25 - MARIA LUIZA DUTRA MATTOS
31/08/2025;;33;580;;903 - Adiantamento sem ded. IR 08/2025 col.:25 - MARIA LUIZA DUTRA MATTOS
31/08/2025;;456;87;;803 - Vale transporte 08/2025 col.:25 - MARIA LUIZA DUTRA MATTOS
31/08/2025;456;;1.450,00;;5 - Salário mensalista 08/2025 col.:25 - MARIA LUIZA DUTRA MATTOS
31/08/2025;;160;674,25;;Líquido Folha normal 08/2025 col.:25 - MARIA LUIZA DUTRA MATTOS
31/08/2025;468;172;122,03;;FGTS folha normal 08/2025 col.:23 - IANA SILVA DE FREITAS
31/08/2025;;171;114,51;;91005 - INSS 08/2025 col.:23 - IANA SILVA DE FREITAS
31/08/2025;;33;610,16;;903 - Adiantamento sem ded. IR 08/2025 col.:23 - IANA SILVA DE FREITAS
31/08/2025;;456;91,52;;803 - Vale transporte 08/2025 col.:23 - IANA SILVA DE FREITAS
31/08/2025;456;;1.525,40;;5 - Salário mensalista 08/2025 col.:23 - IANA SILVA DE FREITAS
31/08/2025;;160;709,21;;Líquido Folha normal 08/2025 col.:23 - IANA SILVA DE FREITAS
31/08/2025;468;172;122,03;;FGTS folha normal 08/2025 col.:21 - MONICA SULZBACHER
31/08/2025;;171;114,51;;91005 - INSS 08/2025 col.:21 - MONICA SULZBACHER
31/08/2025;171;;130;;95005 - Salário família 08/2025 col.:21 - MONICA SULZBACHER
31/08/2025;;33;610,16;;903 - Adiantamento sem ded. IR 08/2025 col.:21 - MONICA SULZBACHER
31/08/2025;;456;91,52;;803 - Vale transporte 08/2025 col.:21 - MONICA SULZBACHER
31/08/2025;456;;1.525,40;;5 - Salário mensalista 08/2025 col.:21 - MONICA SULZBACHER
31/08/2025;;160;839,21;;Líquido Folha normal 08/2025 col.:21 - MONICA SULZBACHER
31/08/2025;179;172;227,14;;FGTS férias folha 08/2025 col.:17 - GREICE MARIA DOS SANTOS MACHADO
31/08/2025;468;172;98,63;;FGTS folha normal 08/2025 col.:17 - GREICE MARIA DOS SANTOS MACHADO
31/08/2025;;39;2.527,24;;14503 - Desconto de férias 08/2025 col.:17 - GREICE MARIA DOS SANTOS MACHADO
31/08/2025;;171;70,02;;91005 - INSS 08/2025 col.:17 - GREICE MARIA DOS SANTOS MACHADO
31/08/2025;;171;312,04;;91025 - INSS demonstrativo férias 08/2025 col.:17 - GREICE MARIA DOS SANTOS MACHADO
31/08/2025;;456;73,97;;803 - Vale transporte 08/2025 col.:17 - GREICE MARIA DOS SANTOS MACHADO
31/08/2025;177;;709,82;;10993 - Demonstrativo 1/3 férias 08/2025 col.:17 - GREICE MARIA DOS SANTOS MACHADO
31/08/2025;177;;2.129,46;;10005 - Demonstrativo de férias 08/2025 col.:17 - GREICE MARIA DOS SANTOS MACHADO
31/08/2025;456;;1.232,85;;5 - Salário mensalista 08/2025 col.:17 - GREICE MARIA DOS SANTOS MACHADO
31/08/2025;;160;1.088,86;;Líquido Folha normal 08/2025 col.:17 - GREICE MARIA DOS SANTOS MACHADO
31/08/2025;179;172;103,04;;FGTS férias folha 08/2025 col.:7 - MARIA ADRIANA SILVEIRA DA SILVA
31/08/2025;468;172;44,75;;FGTS folha normal 08/2025 col.:7 - MARIA ADRIANA SILVEIRA DA SILVA
31/08/2025;;39;1.183,78;;14503 - Desconto de férias 08/2025 col.:7 - MARIA ADRIANA SILVEIRA DA SILVA
31/08/2025;;171;39,15;;91005 - INSS 08/2025 col.:7 - MARIA ADRIANA SILVEIRA DA SILVA
31/08/2025;;171;104,34;;91025 - INSS demonstrativo férias 08/2025 col.:7 - MARIA ADRIANA SILVEIRA DA SILVA
31/08/2025;177;;322,03;;10993 - Demonstrativo 1/3 férias 08/2025 col.:7 - MARIA ADRIANA SILVEIRA DA SILVA
31/08/2025;177;;966,09;;10005 - Demonstrativo de férias 08/2025 col.:7 - MARIA ADRIANA SILVEIRA DA SILVA
31/08/2025;456;;559,31;;5 - Salário mensalista 08/2025 col.:7 - MARIA ADRIANA SILVEIRA DA SILVA
31/08/2025;;160;520,16;;Líquido Folha normal 08/2025 col.:7 - MARIA ADRIANA SILVEIRA DA SILVA
31/08/2025;179;172;71,72;;FGTS Férias folha 08/2025 col.:1 - DENISE IENCZAK FERRI
31/08/2025;468;172;349,68;;FGTS Folha normal 08/2025 col.:1 - DENISE IENCZAK FERRI
31/08/2025;;184;171,37;;91505 - IR 08/2025 col.:1 - DENISE IENCZAK FERRI
31/08/2025;;171;97,74;;91025 - INSS demonstrativo férias 08/2025 col.:1 - DENISE IENCZAK FERRI
31/08/2025;;171;449,3;;91005 - INSS 08/2025 col.:1 - DENISE IENCZAK FERRI
31/08/2025;;33;1.748,40;;903 - Adiantamento sem ded. IR 08/2025 col.:1 - DENISE IENCZAK FERRI
31/08/2025;;39;798,87;;14503 - Desconto de férias 08/2025 col.:1 - DENISE IENCZAK FERRI
31/08/2025;177;;224,15;;10993 - Demonstrativo 1/3 férias 08/2025 col.:1 - DENISE IENCZAK FERRI
31/08/2025;177;;672,46;;10005 - Demonstrativo de férias 08/2025 col.:1 - DENISE IENCZAK FERRI
31/08/2025;456;;4.371,00;;5 - Salário mensalista 08/2025 col.:1 - DENISE IENCZAK FERRI
31/08/2025;;160;2.001,93;;Líquido Folha normal 08/2025 col.:1 - DENISE IENCZAK FERRI
15/08/2025;33;160;580;;Líquido Adiantamento salário 08/2025 col.:25 - MARIA LUIZA DUTRA MATTOS
15/08/2025;33;160;610,16;;Líquido Adiantamento salário 08/2025 col.:23 - IANA SILVA DE FREITAS
15/08/2025;33;160;405,65;;Líquido Adiantamento salário 08/2025 col.:22 - IOLANDA AZEVEDO DUARTE
15/08/2025;33;160;610,16;;Líquido Adiantamento salário 08/2025 col.:21 - MONICA SULZBACHER
15/08/2025;33;160;1.748,40;;Líquido Adiantamento salário 08/2025 col.:1 - DENISE IENCZAK FERRI
31/07/2025;468;172;116;;FGTS folha normal 07/2025 col.:25 - MARIA LUIZA DUTRA MATTOS
31/07/2025;;171;108,75;;91005 - INSS 07/2025 col.:25 - MARIA LUIZA DUTRA MATTOS
31/07/2025;;33;580;;903 - Adiantamento sem ded. IR 07/2025 col.:25 - MARIA LUIZA DUTRA MATTOS
31/07/2025;;456;87;;803 - Vale transporte 07/2025 col.:25 - MARIA LUIZA DUTRA MATTOS
31/07/2025;456;;1.450,00;;5 - Salário mensalista 07/2025 col.:25 - MARIA LUIZA DUTRA MATTOS
31/07/2025;;160;674,25;;Líquido Folha normal 07/2025 col.:25 - MARIA LUIZA DUTRA MATTOS
31/07/2025;468;172;122,03;;FGTS folha normal 07/2025 col.:23 - IANA SILVA DE FREITAS
31/07/2025;;171;114,51;;91005 - INSS 07/2025 col.:23 - IANA SILVA DE FREITAS
31/07/2025;;33;610,16;;903 - Adiantamento sem ded. IR 07/2025 col.:23 - IANA SILVA DE FREITAS
31/07/2025;;456;91,52;;803 - Vale transporte 07/2025 col.:23 - IANA SILVA DE FREITAS
31/07/2025;456;;1.525,40;;5 - Salário mensalista 07/2025 col.:23 - IANA SILVA DE FREITAS
31/07/2025;;160;709,21;;Líquido Folha normal 07/2025 col.:23 - IANA SILVA DE FREITAS
31/07/2025;468;172;97,35;;FGTS folha normal 07/2025 col.:22 - IOLANDA AZEVEDO DUARTE
31/07/2025;;171;91,27;;91005 - INSS 07/2025 col.:22 - IOLANDA AZEVEDO DUARTE
31/07/2025;;33;405,65;;903 - Adiantamento sem ded. IR 07/2025 col.:22 - IOLANDA AZEVEDO DUARTE
31/07/2025;;456;60,85;;803 - Vale transporte 07/2025 col.:22 - IOLANDA AZEVEDO DUARTE
31/07/2025;456;;202,83;;203 - Adicional insalubridade 07/2025 col.:22 - IOLANDA AZEVEDO DUARTE
31/07/2025;456;;1.014,13;;5 - Salário mensalista 07/2025 col.:22 - IOLANDA AZEVEDO DUARTE
31/07/2025;;160;659,19;;Líquido Folha normal 07/2025 col.:22 - IOLANDA AZEVEDO DUARTE
31/07/2025;468;172;122,03;;FGTS folha normal 07/2025 col.:21 - MONICA SULZBACHER
31/07/2025;;171;114,51;;91005 - INSS 07/2025 col.:21 - MONICA SULZBACHER
31/07/2025;171;;130;;95005 - Salário família 07/2025 col.:21 - MONICA SULZBACHER
31/07/2025;;33;610,16;;903 - Adiantamento sem ded. IR 07/2025 col.:21 - MONICA SULZBACHER
31/07/2025;;456;91,52;;803 - Vale transporte 07/2025 col.:21 - MONICA SULZBACHER
31/07/2025;456;;1.525,40;;5 - Salário mensalista 07/2025 col.:21 - MONICA SULZBACHER
31/07/2025;;160;839,21;;Líquido Folha normal 07/2025 col.:21 - MONICA SULZBACHER
31/07/2025;179;172;131,5;;FGTS férias folha 07/2025 col.:17 - GREICE MARIA DOS SANTOS MACHADO
31/07/2025;468;172;170,36;;FGTS folha normal 07/2025 col.:17 - GREICE MARIA DOS SANTOS MACHADO
31/07/2025;;39;1.326,46;;14503 - Desconto de férias 07/2025 col.:17 - GREICE MARIA DOS SANTOS MACHADO
31/07/2025;;171;221,02;;91005 - INSS 07/2025 col.:17 - GREICE MARIA DOS SANTOS MACHADO
31/07/2025;;184;192,17;;91525 - IR férias recolhido 07/2025 col.:17 - GREICE MARIA DOS SANTOS MACHADO
31/07/2025;;171;125,17;;91025 - INSS demonstrativo férias 07/2025 col.:17 - GREICE MARIA DOS SANTOS MACHADO
31/07/2025;;456;127,77;;803 - Vale transporte 07/2025 col.:17 - GREICE MARIA DOS SANTOS MACHADO
31/07/2025;177;;410,95;;10993 - Demonstrativo 1/3 férias 07/2025 col.:17 - GREICE MARIA DOS SANTOS MACHADO
31/07/2025;177;;1.232,85;;10005 - Demonstrativo de férias 07/2025 col.:17 - GREICE MARIA DOS SANTOS MACHADO
31/07/2025;456;;2.129,46;;5 - Salário mensalista 07/2025 col.:17 - GREICE MARIA DOS SANTOS MACHADO
31/07/2025;;160;1.780,67;;Líquido Folha normal 07/2025 col.:17 - GREICE MARIA DOS SANTOS MACHADO
31/07/2025;;171;1.216,96;;89105 - Desconto de situação auxílio doença 07/2025 col.:9 - TATIANE DA SILVA NUNES BARBOSA
31/07/2025;171;;202,83;;81032 - Sit. aux. doença adic. insalubridade 07/2025 col.:9 - TATIANE DA SILVA NUNES BARBOSA
31/07/2025;171;;1.014,13;;81005 - Situação auxílio doença 07/2025 col.:9 - TATIANE DA SILVA NUNES BARBOSA
31/07/2025;179;172;89,49;;FGTS férias folha 07/2025 col.:8 - SILVIA TARUEL RITTES TOLEDO
31/07/2025;468;172;115,93;;FGTS folha normal 07/2025 col.:8 - SILVIA TARUEL RITTES TOLEDO
31/07/2025;;39;1.034,74;;14503 - Desconto de férias 07/2025 col.:8 - SILVIA TARUEL RITTES TOLEDO
31/07/2025;;171;124,43;;91005 - INSS 07/2025 col.:8 - SILVIA TARUEL RITTES TOLEDO
31/07/2025;;171;83,89;;91025 - INSS demonstrativo férias 07/2025 col.:8 - SILVIA TARUEL RITTES TOLEDO
31/07/2025;;456;86,95;;803 - Vale transporte 07/2025 col.:8 - SILVIA TARUEL RITTES TOLEDO
31/07/2025;177;;279,66;;10993 - Demonstrativo 1/3 férias 07/2025 col.:8 - SILVIA TARUEL RITTES TOLEDO
31/07/2025;177;;838,97;;10005 - Demonstrativo de férias 07/2025 col.:8 - SILVIA TARUEL RITTES TOLEDO
31/07/2025;456;;1.449,13;;5 - Salário mensalista 07/2025 col.:8 - SILVIA TARUEL RITTES TOLEDO
31/07/2025;;160;1.237,75;;Líquido Folha normal 07/2025 col.:8 - SILVIA TARUEL RITTES TOLEDO
31/07/2025;179;172;59,66;;FGTS férias folha 07/2025 col.:7 - MARIA ADRIANA SILVEIRA DA SILVA
31/07/2025;468;172;77,28;;FGTS folha normal 07/2025 col.:7 - MARIA ADRIANA SILVEIRA DA SILVA
31/07/2025;;39;689,82;;14503 - Desconto de férias 07/2025 col.:7 - MARIA ADRIANA SILVEIRA DA SILVA
31/07/2025;;171;75,36;;91005 - INSS 07/2025 col.:7 - MARIA ADRIANA SILVEIRA DA SILVA
31/07/2025;;171;55,93;;91025 - INSS demonstrativo férias 07/2025 col.:7 - MARIA ADRIANA SILVEIRA DA SILVA
31/07/2025;456;;203,39;;2005 - Atestado 07/2025 col.:7 - MARIA ADRIANA SILVEIRA DA SILVA
31/07/2025;177;;186,44;;10993 - Demonstrativo 1/3 férias 07/2025 col.:7 - MARIA ADRIANA SILVEIRA DA SILVA
31/07/2025;177;;559,31;;10005 - Demonstrativo de férias 07/2025 col.:7 - MARIA ADRIANA SILVEIRA DA SILVA
31/07/2025;456;;762,7;;5 - Salário mensalista 07/2025 col.:7 - MARIA ADRIANA SILVEIRA DA SILVA
31/07/2025;;160;890,73;;Líquido Folha normal 07/2025 col.:7 - MARIA ADRIANA SILVEIRA DA SILVA
31/07/2025;179;172;197,25;;FGTS Férias folha 07/2025 col.:1 - DENISE IENCZAK FERRI
31/07/2025;468;172;255,54;;FGTS Folha normal 07/2025 col.:1 - DENISE IENCZAK FERRI
31/07/2025;;184;24,47;;91525 - IR férias recolhido 07/2025 col.:1 - DENISE IENCZAK FERRI
31/07/2025;;184;11,86;;91505 - IR 07/2025 col.:1 - DENISE IENCZAK FERRI
31/07/2025;;171;199,14;;91025 - INSS demonstrativo férias 07/2025 col.:1 - DENISE IENCZAK FERRI
31/07/2025;;171;402,82;;91005 - INSS 07/2025 col.:1 - DENISE IENCZAK FERRI
31/07/2025;;39;2.242,09;;14503 - Desconto de férias 07/2025 col.:1 - DENISE IENCZAK FERRI
31/07/2025;177;;616,43;;10993 - Demonstrativo 1/3 férias 07/2025 col.:1 - DENISE IENCZAK FERRI
31/07/2025;177;;1.849,27;;10005 - Demonstrativo de férias 07/2025 col.:1 - DENISE IENCZAK FERRI
31/07/2025;456;;3.194,19;;5 - Salário mensalista 07/2025 col.:1 - DENISE IENCZAK FERRI
31/07/2025;;160;2.779,51;;Líquido Folha normal 07/2025 col.:1 - DENISE IENCZAK FERRI
15/07/2025;33;160;580;;Líquido Adiantamento salário 07/2025 col.:25 - MARIA LUIZA DUTRA MATTOS
15/07/2025;33;160;610,16;;Líquido Adiantamento salário 07/2025 col.:23 - IANA SILVA DE FREITAS
15/07/2025;33;160;405,65;;Líquido Adiantamento salário 07/2025 col.:22 - IOLANDA AZEVEDO DUARTE
15/07/2025;33;160;610,16;;Líquido Adiantamento salário 07/2025 col.:21 - MONICA SULZBACHER
08/07/2025;178;174;37,98;;FGTS 13º salário rescisão (GRRF) 07/2025 col.:20 - ANDREIA CRISTINA SANTOS DE OLIVEIRA
08/07/2025;468;174;110,14;;FGTS folha normal (GRRF) 07/2025 col.:20 - ANDREIA CRISTINA SANTOS DE OLIVEIRA
08/07/2025;469;174;540,24;;FGTS multa rescisória 40% 07/2025 col.:20 - ANDREIA CRISTINA SANTOS DE OLIVEIRA
08/07/2025;172;174;75,96;;FGTS mês anterior folha (GRRF) 07/2025 col.:20 - ANDREIA CRISTINA SANTOS DE OLIVEIRA
08/07/2025;172;468;75,96;;(Estorno) FGTS Folha normal 06/2025 col.:20 - ANDREIA CRISTINA SANTOS DE OLIVEIRA
08/07/2025;456;;1.044,54;;70505 - Rescisão aviso prévio indenizado 07/2025 col.:20 - ANDREIA CRISTINA SANTOS DE OLIVEIRA
08/07/2025;177;;79,13;;71005 - Rescisão férias proporcionais 07/2025 col.:20 - ANDREIA CRISTINA SANTOS DE OLIVEIRA
08/07/2025;177;;26,38;;71993 - Rescisão 1/3 férias proporcionais 07/2025 col.:20 - ANDREIA CRISTINA SANTOS DE OLIVEIRA
08/07/2025;459;;79,13;;72003 - Rescisão férias proporc. inden. (1/12) 07/2025 col.:20 - ANDREIA CRISTINA SANTOS DE OLIVEIRA
08/07/2025;459;;26,38;;72993 - Rescisão 1/3 férias proporc. indenizadas 07/2025 col.:20 - ANDREIA CRISTINA SANTOS DE OLIVEIRA
08/07/2025;177;;949,58;;73005 - Rescisão férias vencidas 07/2025 col.:20 - ANDREIA CRISTINA SANTOS DE OLIVEIRA
08/07/2025;456;;189,92;;70005 - Saldo de salário rescisão 07/2025 col.:20 - ANDREIA CRISTINA SANTOS DE OLIVEIRA
08/07/2025;176;;474,79;;75005 - Rescisão 13° salário 07/2025 col.:20 - ANDREIA CRISTINA SANTOS DE OLIVEIRA
08/07/2025;460;;79,13;;76003 - Rescisão 13º salário indenizado (1/12) 07/2025 col.:20 - ANDREIA CRISTINA SANTOS DE OLIVEIRA
08/07/2025;;456;15,19;;803 - Vale transporte 07/2025 col.:20 - ANDREIA CRISTINA SANTOS DE OLIVEIRA
08/07/2025;456;;63,31;;2005 - Atestado 07/2025 col.:20 - ANDREIA CRISTINA SANTOS DE OLIVEIRA
08/07/2025;;171;18,99;;91005 - INSS 07/2025 col.:20 - ANDREIA CRISTINA SANTOS DE OLIVEIRA
08/07/2025;;171;41,54;;91205 - INSS 13° salário rescisão 07/2025 col.:20 - ANDREIA CRISTINA SANTOS DE OLIVEIRA
08/07/2025;177;;316,53;;73993 - Rescisão 1/3 férias vencidas 07/2025 col.:20 - ANDREIA CRISTINA SANTOS DE OLIVEIRA
08/07/2025;;162;3.253,10;;Líquido Folha normal 07/2025 col.:20 - ANDREIA CRISTINA SANTOS DE OLIVEIRA
08/07/2025;178;174;37,98;;FGTS 13º salário rescisão (GRRF) 07/2025 col.:18 - ARLETE LEINDECKER OTTONI
08/07/2025;468;174;110,14;;FGTS folha normal (GRRF) 07/2025 col.:18 - ARLETE LEINDECKER OTTONI
08/07/2025;469;174;603,27;;FGTS multa rescisória 40% 07/2025 col.:18 - ARLETE LEINDECKER OTTONI
08/07/2025;172;174;75,96;;FGTS mês anterior folha (GRRF) 07/2025 col.:18 - ARLETE LEINDECKER OTTONI
08/07/2025;172;468;75,96;;(Estorno) FGTS Folha normal 06/2025 col.:18 - ARLETE LEINDECKER OTTONI
08/07/2025;456;;1.044,54;;70505 - Rescisão aviso prévio indenizado 07/2025 col.:18 - ARLETE LEINDECKER OTTONI
08/07/2025;177;;237,4;;71005 - Rescisão férias proporcionais 07/2025 col.:18 - ARLETE LEINDECKER OTTONI
08/07/2025;177;;79,13;;71993 - Rescisão 1/3 férias proporcionais 07/2025 col.:18 - ARLETE LEINDECKER OTTONI
08/07/2025;459;;79,13;;72003 - Rescisão férias proporc. inden. (1/12) 07/2025 col.:18 - ARLETE LEINDECKER OTTONI
08/07/2025;459;;26,38;;72993 - Rescisão 1/3 férias proporc. indenizadas 07/2025 col.:18 - ARLETE LEINDECKER OTTONI
08/07/2025;177;;949,58;;73005 - Rescisão férias vencidas 07/2025 col.:18 - ARLETE LEINDECKER OTTONI
08/07/2025;456;;253,22;;70005 - Saldo de salário rescisão 07/2025 col.:18 - ARLETE LEINDECKER OTTONI
08/07/2025;177;;342,9;;73993 - Rescisão 1/3 férias vencidas 07/2025 col.:18 - ARLETE LEINDECKER OTTONI
08/07/2025;176;;474,79;;75005 - Rescisão 13° salário 07/2025 col.:18 - ARLETE LEINDECKER OTTONI
08/07/2025;460;;79,13;;76003 - Rescisão 13º salário indenizado (1/12) 07/2025 col.:18 - ARLETE LEINDECKER OTTONI
08/07/2025;;456;15,19;;803 - Vale transporte 07/2025 col.:18 - ARLETE LEINDECKER OTTONI
08/07/2025;;171;18,99;;91005 - INSS 07/2025 col.:18 - ARLETE LEINDECKER OTTONI
08/07/2025;;171;41,54;;91205 - INSS 13° salário rescisão 07/2025 col.:18 - ARLETE LEINDECKER OTTONI
08/07/2025;177;;79,13;;73102 - Resc. férias venc. adic. insalubridade 07/2025 col.:18 - ARLETE LEINDECKER OTTONI
08/07/2025;;162;3.569,61;;Líquido Folha normal 07/2025 col.:18 - ARLETE LEINDECKER OTTONI
31/07/2025;178;172;134,49;;FGTS adiantamento 13º 07/2025 col.:17 - GREICE MARIA DOS SANTOS MACHADO col.:000017
31/07/2025;38;163;1.681,16;;Líquido Adiantamento 13° salário 07/2025 col.:17 - GREICE MARIA DOS SANTOS MACHADO col.:000017
31/07/2025;178;172;91,52;;FGTS adiantamento 13º 07/2025 col.:8 - SILVIA TARUEL RITTES TOLEDO col.:000008
31/07/2025;38;163;1.144,05;;Líquido Adiantamento 13° salário 07/2025 col.:8 - SILVIA TARUEL RITTES TOLEDO col.:000008
31/07/2025;178;172;61,01;;FGTS adiantamento 13º 07/2025 col.:7 - MARIA ADRIANA SILVEIRA DA SILVA col.:000007
31/07/2025;38;163;762,7;;Líquido Adiantamento 13° salário 07/2025 col.:7 - MARIA ADRIANA SILVEIRA DA SILVA col.:000007
31/07/2025;178;172;201,73;;FGTS adiantamento 13º 07/2025 col.:1 - DENISE IENCZAK FERRI col.:000001
31/07/2025;38;163;2.521,73;;Líquido Adiantamento 13° salário 07/2025 col.:1 - DENISE IENCZAK FERRI col.:000001
18/07/2025;39;161;3.040,96;;Líquido Férias 07/2025 col.:1 - DENISE IENCZAK FERRI
18/07/2025;39;161;3.853,70;;Líquido Férias 07/2025 col.:17 - GREICE MARIA DOS SANTOS MACHADO
18/07/2025;39;161;2.791,30;;Líquido Férias 07/2025 col.:8 - SILVIA TARUEL RITTES TOLEDO
18/07/2025;39;161;1.873,60;;Líquido Férias 07/2025 col.:7 - MARIA ADRIANA SILVEIRA DA SILVA
31/05/2025;39;177;4.338,60;;FERIAS
31/05/2025;180;467;2,5;;SALDO
31/05/2025;468;179;813,17;;SALDO
31/05/2025;468;178;111,13;;SALDO
31/05/2025;459;177;13.479,29;;SALDO
31/05/2025;460;176;1.389,21;;SALDO
02/01/2025;811;795;3.539,38;;APLICAÇÃO 2024
02/01/2025;12;795;1.196,89;;APLICAÇÃO 2024
19/05/2025;160;812;522;;TED
19/05/2025;160;812;580;;TED
08/05/2025;5;812;260,1;;TED
07/05/2025;5;812;326;;TED
02/05/2025;617;793;250;;RIFA
02/05/2025;617;793;500;;RIFA
02/05/2025;617;793;20;;RIFA
02/05/2025;617;793;120;;RIFA
02/05/2025;617;793;40;;RIFA
05/05/2025;617;793;210;;RIFA
05/05/2025;617;793;20;;RIFA
05/05/2025;617;793;10;;RIFA
05/05/2025;617;793;10;;RIFA
05/05/2025;617;793;10;;RIFA
05/05/2025;617;793;60;;RIFA
05/05/2025;617;793;70;;DOAÇÕES
05/05/2025;160;617;419,73;;PAGAMENTO DE SALÁRIOS
05/05/2025;160;617;419,73;;PAGAMENTO DE SALÁRIOS
05/05/2025;160;617;419,73;;PAGAMENTO DE SALÁRIOS
05/05/2025;465;617;185,9;;VALE TRANSPORTE
05/05/2025;465;617;195,6;;VALE TRANSPORTE
05/05/2025;465;617;211,9;;VALE TRANSPORTE
05/05/2025;475;617;401,81;;CEEE
05/05/2025;617;793;1.223,76;;TROCO SOLIDÁRIO
05/05/2025;617;793;350;;RIFA
05/05/2025;565;617;9;;DOC/TED INTERNET PJ
05/05/2025;565;617;9;;DOC/TED INTERNET PJ
05/05/2025;565;617;9;;DOC/TED INTERNET PJ
05/05/2025;565;617;9;;DOC/TED INTERNET PJ
05/05/2025;565;617;9;;DOC/TED INTERNET PJ
05/05/2025;617;793;500;;FEIRA DO PEIXE
06/05/2025;617;793;250;;RIFA
07/05/2025;617;793;20;;RIFA
07/05/2025;617;793;30;;RIFA
07/05/2025;617;786;180;;MENSALIDADE
07/05/2025;617;793;10;;RIFA
07/05/2025;617;793;20;;RIFA
07/05/2025;617;793;20;;RIFA
08/05/2025;617;793;130;;RIFA
08/05/2025;617;793;100;;RIFA
08/05/2025;98;617;478,8;;COMPRA DE MAQUINA DE CARTÃO
08/05/2025;617;793;60;;RIFA
08/05/2025;617;793;45;;BINGO
08/05/2025;617;793;240;;RIFA
08/05/2025;617;793;50;;RIFA
08/05/2025;617;793;10;;RIFA
08/05/2025;617;793;20;;RIFA
09/05/2025;617;793;250;;RIFA
09/05/2025;617;793;356,77;;TROCO SOLIDÁRIO
09/05/2025;617;793;250;;RIFA
09/05/2025;617;793;100;;RIFA
09/05/2025;617;793;10;;RIFA
09/05/2025;617;793;10;;RIFA
09/05/2025;617;793;80;;RIFA
09/05/2025;617;793;40;;RIFA
09/05/2025;617;793;200;;RIFA
09/05/2025;617;793;250;;RIFA
09/05/2025;617;793;250;;RIFA
09/05/2025;617;793;50;;RIFA
09/05/2025;617;793;150;;RIFA
09/05/2025;617;793;50;;RIFA
09/05/2025;617;793;50;;RIFA
09/05/2025;617;793;250;;RIFA
09/05/2025;617;793;30;;RIFA
09/05/2025;617;793;30;;RIFA
09/05/2025;617;793;120;;RIFA
09/05/2025;617;793;20;;RIFA
09/05/2025;617;793;20;;RIFA
09/05/2025;617;793;250;;RIFA
12/05/2025;617;793;50;;RIFA
12/05/2025;617;793;150;;RIFA
12/05/2025;617;793;250;;RIFA
12/05/2025;617;793;250;;RIFA
12/05/2025;617;793;60;;RIFA
12/05/2025;617;793;599,48;;TROCO SOLIDÁRIO
12/05/2025;617;793;500;;RIFA
12/05/2025;565;617;29;;CESTA DE RELACIONAMENTO
12/05/2025;617;793;0,88;;TROCO SOLIDÁRIO
12/05/2025;617;793;2,88;;TROCO SOLIDÁRIO
12/05/2025;617;793;3,51;;TROCO SOLIDÁRIO
12/05/2025;617;793;7,47;;TROCO SOLIDÁRIO
12/05/2025;617;793;1,58;;TROCO SOLIDÁRIO
12/05/2025;617;793;5,28;;TROCO SOLIDÁRIO
12/05/2025;617;793;12,62;;TROCO SOLIDÁRIO
12/05/2025;617;793;2,28;;TROCO SOLIDÁRIO
12/05/2025;617;793;1,79;;TROCO SOLIDÁRIO
12/05/2025;617;793;0,93;;TROCO SOLIDÁRIO
12/05/2025;617;793;5,05;;TROCO SOLIDÁRIO
12/05/2025;617;793;3,54;;TROCO SOLIDÁRIO
12/05/2025;617;793;6,23;;TROCO SOLIDÁRIO
12/05/2025;617;793;1,03;;TROCO SOLIDÁRIO
12/05/2025;617;793;5,76;;TROCO SOLIDÁRIO
12/05/2025;617;793;0,62;;TROCO SOLIDÁRIO
12/05/2025;714;617;178,82;;L I G SISTEMA
12/05/2025;480;617;180;;TONNER
12/05/2025;617;793;800;;RIFA
13/05/2025;617;793;60;;BINGO
13/05/2025;617;793;60;;BINGO
13/05/2025;617;793;70;;RIFA
13/05/2025;617;793;60;;BINGO
13/05/2025;617;793;30;;RIFA
13/05/2025;617;793;250;;RIFA
14/05/2025;807;617;129,99;;VIVO
14/05/2025;83;617;500;;ACORDO TRABALHISTA
14/05/2025;83;617;500;;ACORDO TRABALHISTA
14/05/2025;83;617;500;;ACORDO TRABALHISTA
14/05/2025;83;617;500;;ACORDO TRABALHISTA
14/05/2025;83;617;500;;ACORDO TRABALHISTA
14/05/2025;83;617;500;;ACORDO TRABALHISTA
14/05/2025;83;617;500;;ACORDO TRABALHISTA
14/05/2025;83;617;500;;ACORDO TRABALHISTA
14/05/2025;565;617;9;;DOC/TED INTERNET PJ
14/05/2025;565;617;9;;DOC/TED INTERNET PJ
14/05/2025;565;617;9;;DOC/TED INTERNET PJ
14/05/2025;565;617;9;;DOC/TED INTERNET PJ
14/05/2025;565;617;9;;DOC/TED INTERNET PJ
14/05/2025;565;617;9;;DOC/TED INTERNET PJ
15/05/2025;480;617;1.424,05;;MAGALUPLAY
15/05/2025;617;786;50;;MENSALIDADE
15/05/2025;617;793;30;;BINGO
16/05/2025;577;617;261,58;;TAXA ALVARÁ DE LICENÇA BS
16/05/2025;617;793;700;;RIFA
19/05/2025;617;793;20;;RIFA
19/05/2025;617;793;20;;BRECHO
19/05/2025;617;793;50;;RIFA
19/05/2025;474;617;466,52;;CORSAN
19/05/2025;171;617;1.795,72;;INSS
19/05/2025;160;617;361,06;;ADIANTAMENTO SALARIAL
19/05/2025;160;617;361,06;;ADIANTAMENTO SALARIAL
19/05/2025;160;617;361,06;;ADIANTAMENTO SALARIAL
19/05/2025;489;617;182,5;;ATIVA MEDICINA
19/05/2025;489;617;345,64;;ATIVA MEDICINA
19/05/2025;565;617;9;;DOC/TED INTERNET PJ
19/05/2025;565;617;9;;DOC/TED INTERNET PJ
19/05/2025;565;617;9;;DOC/TED INTERNET PJ
20/05/2025;617;793;45;;BINGO
23/05/2025;815;617;480;;COMPRA DE COROA DE FLORES
23/05/2025;617;793;1.250,00;;RIFA
23/05/2025;617;793;90;;BINGO
23/05/2025;617;793;45;;BINGO
23/05/2025;498;617;164,3;;ALIMENTAÇÃO
23/05/2025;617;793;60;;BINGO
23/05/2025;617;793;36;;BINGO
23/05/2025;617;793;30;;BINGO
23/05/2025;617;793;21;;BINGO
23/05/2025;617;793;36;;BINGO
26/05/2025;617;793;244,28;;BINGO
26/05/2025;617;793;159,58;;BINGO
26/05/2025;617;793;15;;BINGO
26/05/2025;617;793;340;;BINGO
27/05/2025;565;617;9;;DOC/TED INTERNET PJ
30/05/2025;617;793;300;;PATROCINIO
27/05/2025;498;5;29,1;;ALIMENTAÇÃO
30/05/2025;498;5;27,07;;ALIMENTAÇÃO
31/05/2025;481;5;115;;MANUTENÇÃO E CONSERVAÇÃO
31/05/2025;500;5;103,5;;PRATOS DESCARTAVEIS
21/05/2025;500;5;120;;GÁS
21/05/2025;481;5;80;;MANUTENÇÃO E CONSERVAÇÃO
12/05/2025;481;5;12;;MANUTENÇÃO E CONSERVAÇÃO
14/05/2025;480;5;107,45;;CASA DO PAPEL
14/05/2025;481;5;159,9;;MANUTENÇÃO E CONSERVAÇÃO
16/05/2025;479;5;59,22;;MATERIAL DE LIMPEZA
07/05/2025;479;5;126,13;;MATERIAL DE LIMPEZA
05/05/2025;481;5;150;;MANUTENÇÃO E CONSERVAÇÃO
12/05/2025;498;810;848,25;;ALIMENTAÇÃO
09/05/2025;5;786;1.200,00;;MENSALIDADE
12/05/2025;565;810;14,1;;TARIFA PIX
12/05/2025;498;810;577,17;;ALIMENTAÇÃO
12/05/2025;810;811;1.500,00;;BB CDB DI
13/05/2025;810;811;52,35;;BB CDB DI
16/05/2025;480;810;124,9;;CASA DO PAPEL
16/05/2025;480;810;91,41;;CASA DO PAPEL
16/05/2025;480;810;1.157,16;;CASA DO PAPEL
16/05/2025;480;810;170;;MAGALUPLAY
16/05/2025;810;811;1.500,00;;BB CDB DI
19/05/2025;810;811;54,84;;BB CDB DI
19/05/2025;498;810;1.360,31;;ALIMENTAÇÃO
19/05/2025;565;810;10;;TARIFA PIX
19/05/2025;810;811;1.000,00;;BB CDB DI
20/05/2025;810;811;36,98;;BB CDB DI
05/05/2025;615;5;342,3;;DEVOLUÇÃO TED
05/05/2025;615;776;8.050,00;;RESGATE AUTOMATICO
05/05/2025;565;615;12;;TARIFA DOC/TED
05/05/2025;565;615;12;;TARIFA DOC/TED
05/05/2025;565;615;12;;TARIFA DOC/TED
05/05/2025;565;615;12;;TARIFA DOC/TED
05/05/2025;565;615;12;;TARIFA DOC/TED
05/05/2025;565;615;12;;TARIFA DOC/TED
05/05/2025;565;615;12;;TARIFA DOC/TED
05/05/2025;565;615;12;;TARIFA DOC/TED
05/05/2025;565;615;12;;TARIFA DOC/TED
06/05/2025;465;615;342,3;;VALE TRANSPORTE
05/05/2025;465;615;342,3;;VALE TRANSPORTE
05/05/2025;465;615;342,3;;VALE TRANSPORTE
05/05/2025;465;615;340,2;;VALE TRANSPORTE
05/05/2025;160;615;629,31;;PAGAMENTO DE SALÁRIOS
05/05/2025;160;615;2.106,90;;PAGAMENTO DE SALÁRIOS
05/05/2025;160;615;1.421,06;;PAGAMENTO DE SALÁRIOS
05/05/2025;160;615;1.001,52;;PAGAMENTO DE SALÁRIOS
05/05/2025;160;615;869,25;;PAGAMENTO DE SALÁRIOS
05/05/2025;160;615;761,25;;PAGAMENTO DE SALÁRIOS
05/05/2025;160;615;168,7;;PAGAMENTO DE SALÁRIOS
06/05/2025;615;776;350;;RESGATE AUTOMATICO
06/05/2025;565;615;12;;TARIFA DOC/TED
08/05/2025;465;615;342,3;;VALE TRANSPORTE
08/05/2025;615;776;300;;RESGATE AUTOMATICO
08/05/2025;565;615;12;;TARIFA DOC/TED
08/05/2025;465;615;277,1;;VALE TRANSPORTE
09/05/2025;615;776;1.700,00;;RESGATE AUTOMATICO
09/05/2025;565;615;12;;TARIFA DOC/TED
09/05/2025;489;615;1.675,00;;PGTO PRO SOCIAL LOTARIO
13/05/2025;615;776;50;;RESGATE AUTOMATICO
13/05/2025;565;615;50;;RENOVAÇÃO DE CADASTRO
19/05/2025;615;776;8.500,00;;RESGATE AUTOMATICO
19/05/2025;489;615;645;;SERVIÇOS DE TERCEIROS PESSOA JURIDICA
19/05/2025;565;615;12;;TARIFA DOC/TED
19/05/2025;565;615;12;;TARIFA DOC/TED
19/05/2025;565;615;12;;TARIFA DOC/TED
19/05/2025;565;615;12;;TARIFA DOC/TED
19/05/2025;565;615;12;;TARIFA DOC/TED
19/05/2025;565;615;12;;TARIFA DOC/TED
19/05/2025;160;615;580;;ADIANTAMENTO SALARIAL
19/05/2025;160;615;1.917,66;;ADIANTAMENTO SALARIAL
19/05/2025;160;615;1.278,44;;ADIANTAMENTO SALARIAL
19/05/2025;160;615;870;;ADIANTAMENTO SALARIAL
19/05/2025;160;615;580;;ADIANTAMENTO SALARIAL
19/05/2025;160;615;580;;ADIANTAMENTO SALARIAL
19/05/2025;160;615;385,6;;ADIANTAMENTO SALARIAL
19/05/2025;172;615;1.570,90;;FGTS
20/05/2025;565;615;2,5;;TRANSFERENCIA DE RECURSO
28/05/2025;615;808;38.669,56;;REPASSE PROJETO PRO SOCIAL
28/05/2025;776;615;38.715,04;;APLICAÇÃO AUTOMATICA
27/05/2025;801;617;195;;TRANSFERENCIA ENTRE CONTAS PAGAMENTO DE TAXAS
27/05/2025;815;801;3,81;;GUIA ARRECADAÇÃO
07/05/2025;160;812;710,51;;ADIANTAMENTO SALARIAL
07/05/2025;812;814;1.036,51;;RESGATE AUTOMATICO
08/05/2025;812;814;260,1;;RESGATE AUTOMATICO
19/05/2025;812;814;1.102,00;;RESGATE AUTOMATICO
20/05/2025;617;793;30;;BINGO
13/05/2025;617;5;410;;RECEBIDO
27/05/2025;565;801;65;;TARIFA BANCARIA
27/05/2025;565;801;65;;TARIFA BANCARIA
27/05/2025;565;801;65;;TARIFA BANCARIA
23/05/2025;800;793;8;;BINGO
23/05/2025;800;793;55;;BINGO
05/05/2025;7;12;68,4;;RESGATE TARIFA MANUTENÇÃO CONTA
05/05/2025;565;7;68,4;;TARIFA MANUTENÇÃO CONTA
12/05/2025;565;800;29;;CESTA DE RELACIONAMENTO
23/05/2025;800;793;18;;BINGO
23/05/2025;800;793;26;;BINGO
23/05/2025;800;793;11;;BINGO
23/05/2025;800;793;8;;BINGO
23/05/2025;800;793;15;;BINGO
23/05/2025;800;793;3;;BINGO
23/05/2025;800;793;15;;BINGO
22/04/2025;474;617;296,92;;PAGTO CORSAN
30/06/2025;468;172;75,96;;FGTS folha normal 06/2025 col.:20 - ANDREIA CRISTINA SANTOS DE OLIVEIRA
30/06/2025;;171;71,21;;91005 - INSS 06/2025 col.:20 - ANDREIA CRISTINA SANTOS DE OLIVEIRA
30/06/2025;456;;63,31;;2005 - Atestado 06/2025 col.:20 - ANDREIA CRISTINA SANTOS DE OLIVEIRA
30/06/2025;;33;379,83;;903 - Adiantamento sem ded. IR 06/2025 col.:20 - ANDREIA CRISTINA SANTOS DE OLIVEIRA
30/06/2025;;456;56,97;;803 - Vale transporte 06/2025 col.:20 - ANDREIA CRISTINA SANTOS DE OLIVEIRA
30/06/2025;456;;886,27;;5 - Salário mensalista 06/2025 col.:20 - ANDREIA CRISTINA SANTOS DE OLIVEIRA
30/06/2025;;160;441,57;;Líquido Folha normal 06/2025 col.:20 - ANDREIA CRISTINA SANTOS DE OLIVEIRA
30/06/2025;468;172;116;;FGTS folha normal 06/2025 col.:25 - MARIA LUIZA DUTRA MATTOS
30/06/2025;;171;108,75;;91005 - INSS 06/2025 col.:25 - MARIA LUIZA DUTRA MATTOS
30/06/2025;;33;580;;903 - Adiantamento sem ded. IR 06/2025 col.:25 - MARIA LUIZA DUTRA MATTOS
30/06/2025;;456;87;;803 - Vale transporte 06/2025 col.:25 - MARIA LUIZA DUTRA MATTOS
30/06/2025;456;;1.450,00;;5 - Salário mensalista 06/2025 col.:25 - MARIA LUIZA DUTRA MATTOS
30/06/2025;;160;674,25;;Líquido Folha normal 06/2025 col.:25 - MARIA LUIZA DUTRA MATTOS
30/06/2025;468;172;122,03;;FGTS folha normal 06/2025 col.:23 - IANA SILVA DE FREITAS
30/06/2025;;171;114,51;;91005 - INSS 06/2025 col.:23 - IANA SILVA DE FREITAS
30/06/2025;;33;610,16;;903 - Adiantamento sem ded. IR 06/2025 col.:23 - IANA SILVA DE FREITAS
30/06/2025;;456;91,52;;803 - Vale transporte 06/2025 col.:23 - IANA SILVA DE FREITAS
30/06/2025;456;;1.525,40;;5 - Salário mensalista 06/2025 col.:23 - IANA SILVA DE FREITAS
30/06/2025;;160;709,21;;Líquido Folha normal 06/2025 col.:23 - IANA SILVA DE FREITAS
30/06/2025;468;172;97,35;;FGTS folha normal 06/2025 col.:22 - IOLANDA AZEVEDO DUARTE
30/06/2025;;171;91,27;;91005 - INSS 06/2025 col.:22 - IOLANDA AZEVEDO DUARTE
30/06/2025;;33;405,65;;903 - Adiantamento sem ded. IR 06/2025 col.:22 - IOLANDA AZEVEDO DUARTE
30/06/2025;;456;60,85;;803 - Vale transporte 06/2025 col.:22 - IOLANDA AZEVEDO DUARTE
30/06/2025;456;;202,83;;203 - Adicional insalubridade 06/2025 col.:22 - IOLANDA AZEVEDO DUARTE
30/06/2025;456;;1.014,13;;5 - Salário mensalista 06/2025 col.:22 - IOLANDA AZEVEDO DUARTE
30/06/2025;;160;659,19;;Líquido Folha normal 06/2025 col.:22 - IOLANDA AZEVEDO DUARTE
30/06/2025;468;172;122,03;;FGTS folha normal 06/2025 col.:21 - MONICA SULZBACHER
30/06/2025;;171;114,51;;91005 - INSS 06/2025 col.:21 - MONICA SULZBACHER
30/06/2025;171;;130;;95005 - Salário família 06/2025 col.:21 - MONICA SULZBACHER
30/06/2025;;33;610,16;;903 - Adiantamento sem ded. IR 06/2025 col.:21 - MONICA SULZBACHER
30/06/2025;;456;91,52;;803 - Vale transporte 06/2025 col.:21 - MONICA SULZBACHER
30/06/2025;456;;1.525,40;;5 - Salário mensalista 06/2025 col.:21 - MONICA SULZBACHER
30/06/2025;;160;839,21;;Líquido Folha normal 06/2025 col.:21 - MONICA SULZBACHER
30/06/2025;468;172;75,96;;FGTS folha normal 06/2025 col.:18 - ARLETE LEINDECKER OTTONI
30/06/2025;;171;71,21;;91005 - INSS 06/2025 col.:18 - ARLETE LEINDECKER OTTONI
30/06/2025;456;;63,31;;2005 - Atestado 06/2025 col.:18 - ARLETE LEINDECKER OTTONI
30/06/2025;;33;379,83;;903 - Adiantamento sem ded. IR 06/2025 col.:18 - ARLETE LEINDECKER OTTONI
30/06/2025;;456;56,97;;803 - Vale transporte 06/2025 col.:18 - ARLETE LEINDECKER OTTONI
30/06/2025;456;;886,27;;5 - Salário mensalista 06/2025 col.:18 - ARLETE LEINDECKER OTTONI
30/06/2025;;160;441,57;;Líquido Folha normal 06/2025 col.:18 - ARLETE LEINDECKER OTTONI
30/06/2025;468;172;268,98;;FGTS folha normal 06/2025 col.:17 - GREICE MARIA DOS SANTOS MACHADO
30/06/2025;;184;24,47;;91505 - IR 06/2025 col.:17 - GREICE MARIA DOS SANTOS MACHADO
30/06/2025;;171;296,88;;91005 - INSS 06/2025 col.:17 - GREICE MARIA DOS SANTOS MACHADO
30/06/2025;;33;1.344,92;;903 - Adiantamento sem ded. IR 06/2025 col.:17 - GREICE MARIA DOS SANTOS MACHADO
30/06/2025;;456;201,74;;803 - Vale transporte 06/2025 col.:17 - GREICE MARIA DOS SANTOS MACHADO
30/06/2025;456;;3.362,31;;5 - Salário mensalista 06/2025 col.:17 - GREICE MARIA DOS SANTOS MACHADO
30/06/2025;;160;1.494,30;;Líquido Folha normal 06/2025 col.:17 - GREICE MARIA DOS SANTOS MACHADO
30/06/2025;;171;1.216,96;;89105 - Desconto de situação auxílio doença 06/2025 col.:9 - TATIANE DA SILVA NUNES BARBOSA
30/06/2025;171;;202,83;;81032 - Sit. aux. doença adic. insalubridade 06/2025 col.:9 - TATIANE DA SILVA NUNES BARBOSA
30/06/2025;171;;1.014,13;;81005 - Situação auxílio doença 06/2025 col.:9 - TATIANE DA SILVA NUNES BARBOSA
30/06/2025;468;172;183,04;;FGTS folha normal 06/2025 col.:8 - SILVIA TARUEL RITTES TOLEDO
30/06/2025;;171;183,15;;91005 - INSS 06/2025 col.:8 - SILVIA TARUEL RITTES TOLEDO
30/06/2025;;33;915,24;;903 - Adiantamento sem ded. IR 06/2025 col.:8 - SILVIA TARUEL RITTES TOLEDO
30/06/2025;;456;137,29;;803 - Vale transporte 06/2025 col.:8 - SILVIA TARUEL RITTES TOLEDO
30/06/2025;456;;2.288,10;;5 - Salário mensalista 06/2025 col.:8 - SILVIA TARUEL RITTES TOLEDO
30/06/2025;;160;1.052,42;;Líquido Folha normal 06/2025 col.:8 - SILVIA TARUEL RITTES TOLEDO
30/06/2025;468;172;122,03;;FGTS folha normal 06/2025 col.:7 - MARIA ADRIANA SILVEIRA DA SILVA
30/06/2025;;171;114,51;;91005 - INSS 06/2025 col.:7 - MARIA ADRIANA SILVEIRA DA SILVA
30/06/2025;;33;610,16;;903 - Adiantamento sem ded. IR 06/2025 col.:7 - MARIA ADRIANA SILVEIRA DA SILVA
30/06/2025;456;;1.525,40;;5 - Salário mensalista 06/2025 col.:7 - MARIA ADRIANA SILVEIRA DA SILVA
30/06/2025;;160;800,73;;Líquido Folha normal 06/2025 col.:7 - MARIA ADRIANA SILVEIRA DA SILVA
30/06/2025;468;172;403,47;;FGTS Folha normal 06/2025 col.:1 - DENISE IENCZAK FERRI
30/06/2025;;184;322,67;;91505 - IR 06/2025 col.:1 - DENISE IENCZAK FERRI
30/06/2025;;171;515,66;;91005 - INSS 06/2025 col.:1 - DENISE IENCZAK FERRI
30/06/2025;;33;2.017,38;;903 - Adiantamento sem ded. IR 06/2025 col.:1 - DENISE IENCZAK FERRI
30/06/2025;456;;5.043,46;;5 - Salário mensalista 06/2025 col.:1 - DENISE IENCZAK FERRI
30/06/2025;;160;2.187,75;;Líquido Folha normal 06/2025 col.:1 - DENISE IENCZAK FERRI
01/04/2025;5;793;100;;DOAÇÕES
01/04/2025;5;786;30;;MENSALIDADE
01/04/2025;5;786;30;;MENSALIDADE
11/04/2025;5;786;30;;MENSALIDADE
03/04/2025;800;617;2.250,00;;FEIRA DO PEIXE
02/04/2025;800;617;1.750,00;;FEIRA DO PEIXE
01/04/2025;617;793;75;;BRECHÓ
01/04/2025;617;5;3.000,00;;DEPOSITO DINHEIRO
01/04/2025;617;5;2.000,00;;DEPOSITO DINHEIRO
01/04/2025;617;793;20;;RIFA
02/04/2025;465;617;143;;VALE TRANSPORTE
02/04/2025;465;617;195,6;;VALE TRANSPORTE
02/04/2025;465;617;211,9;;VALE TRANSPORTE
02/04/2025;162;617;2.421,83;;PGTO DE RESCISÃO
02/04/2025;565;617;9;;DOC/TED INTERNET PJ
02/04/2025;565;617;9;;DOC/TED INTERNET PJ
02/04/2025;565;617;9;;DOC/TED INTERNET PJ
03/04/2025;617;793;1.000,00;;FEIRA DO PEIXE
03/04/2025;617;793;1.250,00;;FEIRA DO PEIXE
04/04/2025;162;617;1.094,06;;PGTO DE RESCISÃO
04/04/2025;617;793;10;;RIFA
04/04/2025;617;793;1.487,08;;TROCO SOLIDÁRIO
04/04/2025;160;617;419,73;;PAGAMENTO DE SALÁRIOS
04/04/2025;160;617;419,73;;PAGAMENTO DE SALÁRIOS
04/04/2025;160;617;473,89;;PAGAMENTO DE SALÁRIOS
04/04/2025;160;617;1.536,96;;PAGAMENTO DE SALÁRIOS
04/04/2025;475;617;401,16;;CEEE
04/04/2025;565;617;9;;DOC/TED INTERNET PJ
04/04/2025;565;617;9;;DOC/TED INTERNET PJ
04/04/2025;565;617;9;;DOC/TED INTERNET PJ
04/04/2025;565;617;9;;DOC/TED INTERNET PJ
04/04/2025;565;617;9;;DOC/TED INTERNET PJ
04/04/2025;617;793;3.500,00;;FEIRA DO PEIXE
07/04/2025;617;793;500;;FEIRA DO PEIXE
07/04/2025;617;793;1.250,00;;FEIRA DO PEIXE
08/04/2025;617;786;180;;MENSALIDADE
08/04/2025;617;793;200;;RIFA
08/04/2025;617;793;20;;RIFA
08/04/2025;800;617;4.500,00;;TRANSFERÊNCIA ENTRE CONTAS
08/04/2025;490;617;400;;PGTO CONFECÇÃO FAIXA FEIRA PEIXE
08/04/2025;617;786;50;;MENSALIDADE
08/04/2025;617;793;1.000,00;;FEIRA DO PEIXE
09/04/2025;617;793;659,21;;TROCO SOLIDÁRIO
09/04/2025;617;793;3.000,00;;FEIRA DO PEIXE
09/04/2025;617;793;10;;RIFA
09/04/2025;617;793;10;;RIFA
09/04/2025;617;793;20;;BRECHÓ
09/04/2025;480;617;180;;TONNER
09/04/2025;800;617;2.000,00;;TRANSFERÊNCIA ENTRE CONTAS
09/04/2025;714;617;178,82;;L I G SEGURANÇA
10/04/2025;456;617;807,95;;COBRANÇA TERMINAL PERDIDO
10/04/2025;565;617;29;;CESTA DE RELACIONAMENTO
09/04/2025;617;793;2,02;;TROCO SOLIDÁRIO
09/04/2025;617;793;1,34;;TROCO SOLIDÁRIO
09/04/2025;617;793;0,13;;TROCO SOLIDÁRIO
09/04/2025;617;793;2,13;;TROCO SOLIDÁRIO
09/04/2025;617;793;0,1;;TROCO SOLIDÁRIO
09/04/2025;617;793;0,13;;TROCO SOLIDÁRIO
09/04/2025;617;793;13,5;;TROCO SOLIDÁRIO
09/04/2025;617;793;0,99;;TROCO SOLIDÁRIO
09/04/2025;617;793;0,49;;TROCO SOLIDÁRIO
09/04/2025;617;793;0,65;;TROCO SOLIDÁRIO
09/04/2025;617;793;1,51;;TROCO SOLIDÁRIO
09/04/2025;617;793;1,26;;TROCO SOLIDÁRIO
09/04/2025;617;793;0,06;;TROCO SOLIDÁRIO
09/04/2025;617;793;760,88;;TROCO SOLIDÁRIO
10/04/2025;617;793;30;;RIFA
10/04/2025;617;793;30;;RIFA
11/04/2025;469;617;2.407,43;;PGTO MULTA FGTS DE RESCISÃO
11/04/2025;617;7;6.000,00;;TRANSFERÊNCIA ENTRE CONTAS
11/04/2025;5;617;6.000,00;;ENTRADA DINHEIRO CAIXA
11/04/2025;800;617;1.300,00;;TRANSFERÊNCIA ENTRE CONTAS
11/04/2025;617;786;30;;MENSALIDADE
11/04/2025;617;793;25;;BRECHÓ
11/04/2025;617;793;1.250,00;;FEIRA DO PEIXE
14/04/2025;617;793;600;;FEIRA DO PEIXE
14/04/2025;617;793;1.500,00;;FEIRA DO PEIXE
14/04/2025;617;793;10;;RIFA
14/04/2025;617;793;10;;RIFA
14/04/2025;617;793;10;;RIFA
14/04/2025;617;793;30;;RIFA
14/04/2025;617;793;10;;RIFA
15/04/2025;98;617;739,1;;ALUGUEL DE MAQUINA DE CARTÃO
15/04/2025;83;617;500;;ACORDO TRABALHISTA
15/04/2025;83;617;500;;ACORDO TRABALHISTA
15/04/2025;83;617;500;;ACORDO TRABALHISTA
15/04/2025;83;617;500;;ACORDO TRABALHISTA
15/04/2025;83;617;500;;ACORDO TRABALHISTA
15/04/2025;83;617;500;;ACORDO TRABALHISTA
15/04/2025;83;617;500;;ACORDO TRABALHISTA
15/04/2025;83;617;500;;ACORDO TRABALHISTA
15/04/2025;617;793;1.500,00;;CREDITO TRANFERENCIA NF GAUCHA
15/04/2025;807;617;129,99;;VIVO
15/04/2025;617;793;100;;RIFA
15/04/2025;617;793;58;;BRECHÓ
15/04/2025;617;793;4;;BRECHÓ
15/04/2025;565;617;9;;DOC/TED INTERNET PJ
15/04/2025;565;617;9;;DOC/TED INTERNET PJ
15/04/2025;565;617;9;;DOC/TED INTERNET PJ
15/04/2025;565;617;9;;DOC/TED INTERNET PJ
15/04/2025;565;617;9;;DOC/TED INTERNET PJ
15/04/2025;565;617;9;;DOC/TED INTERNET PJ
15/04/2025;617;793;20;;RIFA
16/04/2025;617;5;0,01;;SICREDI DEBITO VISA
17/04/2025;160;617;361,06;;ADIANTAMENTO SALARIAL
17/04/2025;160;617;361,06;;ADIANTAMENTO SALARIAL
17/04/2025;160;617;361,06;;ADIANTAMENTO SALARIAL
17/04/2025;171;617;1.839,67;;INSS
17/04/2025;617;793;3.000,00;;FEIRA DO PEIXE
17/04/2025;565;617;9;;DOC/TED INTERNET PJ
17/04/2025;565;617;9;;DOC/TED INTERNET PJ
17/04/2025;565;617;9;;DOC/TED INTERNET PJ
22/04/2025;617;793;20;;RIFA
22/04/2025;617;793;40;;RIFA
22/04/2025;489;617;62,5;;ATIVA MEDICINA
22/04/2025;617;793;25;;BRECHÓ
22/04/2025;617;793;190;;RIFA
22/04/2025;617;793;140;;RIFA
24/04/2025;617;793;60;;RIFA
24/04/2025;617;793;250;;RIFA
28/04/2025;617;793;20;;RIFA
28/04/2025;617;793;10;;RIFA
29/04/2025;617;793;10;;RIFA
29/04/2025;617;793;10;;RIFA
30/04/2025;617;793;50;;RIFA
03/04/2025;489;800;12.000,00;;MONTAGEM DE ESTANDES FEIRA PEIXE
08/04/2025;489;800;5.500,00;;PGTO LOCAÇÃO TOLDOS PARA FEIRA PEIXE
09/04/2025;5;800;2.000,00;;ENTRADA DINHEIRO CAIXA
10/04/2025;565;800;29;;CESTA DE RELACIONAMENTO
11/04/2025;5;800;1.300,00;;ENTRADA DINHEIRO CAIXA
02/04/2025;615;776;1.000,00;;RESGATE AUTOMATICO
02/04/2025;565;615;12;;TARIFA DOC/TED
02/04/2025;565;615;12;;TARIFA DOC/TED
02/04/2025;565;615;12;;TARIFA DOC/TED
02/04/2025;465;615;326;;VALE TRANSPORTE
02/04/2025;465;615;326;;VALE TRANSPORTE
02/04/2025;465;615;324;;VALE TRANSPORTE
04/04/2025;615;776;6.250,00;;RESGATE AUTOMATICO
04/04/2025;565;615;12;;TARIFA DOC/TED
04/04/2025;565;615;12;;TARIFA DOC/TED
04/04/2025;565;615;12;;TARIFA DOC/TED
04/04/2025;565;615;12;;TARIFA DOC/TED
04/04/2025;565;615;12;;TARIFA DOC/TED
04/04/2025;160;615;2.106,90;;PAGAMENTO DE SALÁRIOS
04/04/2025;160;615;1.421,06;;PAGAMENTO DE SALÁRIOS
04/04/2025;160;615;1.001,52;;PAGAMENTO DE SALÁRIOS
04/04/2025;160;615;869,25;;PAGAMENTO DE SALÁRIOS
04/04/2025;160;615;761,25;;PAGAMENTO DE SALÁRIOS
08/04/2025;615;776;1.700,00;;RESGATE AUTOMATICO
08/04/2025;565;615;12;;TARIFA DOC/TED
08/04/2025;489;615;1.675,00;;PGTO PRO SOCIAL LOTARIO
09/04/2025;615;776;250;;RESGATE AUTOMATICO
09/04/2025;465;615;293,4;;VALE TRANSPORTE
16/04/2025;615;776;1.600,00;;RESGATE AUTOMATICO
16/04/2025;172;615;1.577,19;;FGTS PRO SOCIAL
17/04/2025;615;776;5.800,00;;RESGATE AUTOMATICO
17/04/2025;565;615;3,3;;TARIFA DOC/TED
17/04/2025;565;615;3,3;;TARIFA DOC/TED
17/04/2025;565;615;3,3;;TARIFA DOC/TED
17/04/2025;565;615;3,3;;TARIFA DOC/TED
17/04/2025;565;615;3,3;;TARIFA DOC/TED
17/04/2025;160;615;541,33;;ADIANTAMENTO SALARIAL
17/04/2025;160;615;1.917,66;;ADIANTAMENTO SALARIAL
17/04/2025;160;615;1.278,44;;ADIANTAMENTO SALARIAL
17/04/2025;160;615;870;;ADIANTAMENTO SALARIAL
17/04/2025;160;615;580;;ADIANTAMENTO SALARIAL
17/04/2025;160;615;580;;ADIANTAMENTO SALARIAL
22/04/2025;615;776;650;;RESGATE AUTOMATICO
22/04/2025;489;615;645;;PGTO SERVIÇOS DE TERCEIROS PESSOA JURIDICA
17/04/2025;812;5;541,33;;DEVOLUÇÃO TED ADIANTAMENTO SALARIO
17/04/2025;812;814;541,33;;RESGATE AUTOMATICO
17/04/2025;160;812;541,33;;ADIANTAMENTO SALARIAL
17/04/2025;5;812;541,33;;ADIANTAMENTO SALARIAL
22/04/2025;489;617;250,29;;ATIVA MEDICINA
02/04/2025;7;12;68,4;;BB RENDE FACIL
02/04/2025;565;7;68,4;;TARIFA MANUTENÇÃO CONTA
11/04/2025;617;7;6.000,00;;TRANSFERÊNCIA ENTRE CONTAS
11/04/2025;565;7;13;;TARIFA DOC/TED
11/04/2025;7;12;6.013,00;;BB RENDE FACIL
14/04/2025;617;7;4.000,00;;TRANSFERÊNCIA ENTRE CONTAS
14/04/2025;565;7;13;;TARIFA DOC/TED
14/04/2025;7;12;4.013,00;;BB RENDE FACIL
01/04/2025;498;810;664,55;;ALIMENTAÇÃO
01/04/2025;498;810;218,91;;ALIMENTAÇÃO
01/04/2025;480;810;863,35;;CASA DO PAPEL
01/04/2025;480;810;2.582,07;;MAGALUPLAY
01/04/2025;480;810;991,53;;MAGALUPLAY
01/04/2025;565;810;8,73;;TARIFA PIX
01/04/2025;810;811;5.500,00;;BB CDB DI
02/04/2025;810;811;134,31;;BB CDB DI
14/04/2025;498;810;439,92;;ALIMENTAÇÃO
14/04/2025;565;810;4,35;;TARIFA PIX
23/04/2025;498;810;786,13;;ALIMENTAÇÃO
23/04/2025;565;810;7,78;;TARIFA PIX
23/04/2025;810;811;1.000,00;;BB CDB DI
24/04/2025;810;811;30,04;;BB CDB DI
19/04/2025;5;793;330;;FEIRA DO PEIXE
09/04/2025;5;481;61,8;;MANUTENÇÃO E CONSERVAÇÃO
04/04/2025;5;793;100;;BINGO
10/04/2025;814;812;50.000,00;;APLICAÇÃO AUTOMATICO
18/06/2025;178;172;30,5;;FGTS (Rescisão) 13º rescisão 06/2025 col.:24 - ANA PAULA MUNIZ DA SILVA BRIZOLA
18/06/2025;468;172;73,21;;FGTS (Rescisão) folha normal 06/2025 col.:24 - ANA PAULA MUNIZ DA SILVA BRIZOLA
18/06/2025;;171;28,6;;91205 - INSS 13° salário rescisão 06/2025 col.:24 - ANA PAULA MUNIZ DA SILVA BRIZOLA
18/06/2025;;171;68,64;;91005 - INSS 06/2025 col.:24 - ANA PAULA MUNIZ DA SILVA BRIZOLA
18/06/2025;;33;610,16;;903 - Adiantamento sem ded. IR 06/2025 col.:24 - ANA PAULA MUNIZ DA SILVA BRIZOLA
18/06/2025;;456;54,91;;803 - Vale transporte 06/2025 col.:24 - ANA PAULA MUNIZ DA SILVA BRIZOLA
18/06/2025;176;;381,35;;75005 - Rescisão 13° salário 06/2025 col.:24 - ANA PAULA MUNIZ DA SILVA BRIZOLA
18/06/2025;177;;127,12;;71993 - Rescisão 1/3 férias proporcionais 06/2025 col.:24 - ANA PAULA MUNIZ DA SILVA BRIZOLA
18/06/2025;177;;381,35;;71005 - Rescisão férias proporcionais 06/2025 col.:24 - ANA PAULA MUNIZ DA SILVA BRIZOLA
18/06/2025;456;;915,24;;70005 - Saldo de salário rescisão 06/2025 col.:24 - ANA PAULA MUNIZ DA SILVA BRIZOLA
18/06/2025;;162;1.042,75;;Líquido Folha normal 06/2025 col.:24 - ANA PAULA MUNIZ DA SILVA BRIZOLA
15/06/2025;33;160;580;;Líquido Adiantamento salário 06/2025 col.:25 - MARIA LUIZA DUTRA MATTOS
15/06/2025;33;160;610,16;;Líquido Adiantamento salário 06/2025 col.:24 - ANA PAULA MUNIZ DA SILVA BRIZOLA
15/06/2025;33;160;610,16;;Líquido Adiantamento salário 06/2025 col.:23 - IANA SILVA DE FREITAS
15/06/2025;33;160;405,65;;Líquido Adiantamento salário 06/2025 col.:22 - IOLANDA AZEVEDO DUARTE
15/06/2025;33;160;610,16;;Líquido Adiantamento salário 06/2025 col.:21 - MONICA SULZBACHER
15/06/2025;33;160;379,83;;Líquido Adiantamento salário 06/2025 col.:20 - ANDREIA CRISTINA SANTOS DE OLIVEIRA
15/06/2025;33;160;379,83;;Líquido Adiantamento salário 06/2025 col.:18 - ARLETE LEINDECKER OTTONI
15/06/2025;33;160;1.344,92;;Líquido Adiantamento salário 06/2025 col.:17 - GREICE MARIA DOS SANTOS MACHADO
15/06/2025;33;160;915,24;;Líquido Adiantamento salário 06/2025 col.:8 - SILVIA TARUEL RITTES TOLEDO
15/06/2025;33;160;610,16;;Líquido Adiantamento salário 06/2025 col.:7 - MARIA ADRIANA SILVEIRA DA SILVA
15/06/2025;33;160;2.017,38;;Líquido Adiantamento salário 06/2025 col.:1 - DENISE IENCZAK FERRI
09/06/2025;178;174;25,32;;FGTS 13º salário rescisão (GRRF) 06/2025 col.:16 - ROSANE RAMOS NUNES
09/06/2025;468;174;112,67;;FGTS folha normal (GRRF) 06/2025 col.:16 - ROSANE RAMOS NUNES
09/06/2025;469;174;387,32;;FGTS multa rescisória 40% 06/2025 col.:16 - ROSANE RAMOS NUNES
09/06/2025;172;174;75,96;;FGTS mês anterior folha (GRRF) 06/2025 col.:16 - ROSANE RAMOS NUNES
09/06/2025;172;468;75,96;;(Estorno) FGTS Folha normal 05/2025 col.:16 - ROSANE RAMOS NUNES
09/06/2025;456;;1.044,54;;70505 - Rescisão aviso prévio indenizado 06/2025 col.:16 - ROSANE RAMOS NUNES
09/06/2025;177;;316,53;;71005 - Rescisão férias proporcionais 06/2025 col.:16 - ROSANE RAMOS NUNES
09/06/2025;177;;105,51;;71993 - Rescisão 1/3 férias proporcionais 06/2025 col.:16 - ROSANE RAMOS NUNES
09/06/2025;459;;79,13;;72003 - Rescisão férias proporc. inden. (1/12) 06/2025 col.:16 - ROSANE RAMOS NUNES
09/06/2025;459;;26,38;;72993 - Rescisão 1/3 férias proporc. indenizadas 06/2025 col.:16 - ROSANE RAMOS NUNES
09/06/2025;456;;284,87;;70005 - Saldo de salário rescisão 06/2025 col.:16 - ROSANE RAMOS NUNES
09/06/2025;460;;79,13;;76003 - Rescisão 13º salário indenizado (1/12) 06/2025 col.:16 - ROSANE RAMOS NUNES
09/06/2025;;456;17,09;;803 - Vale transporte 06/2025 col.:16 - ROSANE RAMOS NUNES
09/06/2025;;171;21,36;;91005 - INSS 06/2025 col.:16 - ROSANE RAMOS NUNES
09/06/2025;;171;29,67;;91205 - INSS 13° salário rescisão 06/2025 col.:16 - ROSANE RAMOS NUNES
09/06/2025;176;;316,53;;75005 - Rescisão 13° salário 06/2025 col.:16 - ROSANE RAMOS NUNES
09/06/2025;;162;2.184,50;;Líquido Folha normal 06/2025 col.:16 - ROSANE RAMOS NUNES
31/05/2025;468;172;104,4;;FGTS folha normal 05/2025 col.:25 - MARIA LUIZA DUTRA MATTOS
31/05/2025;;171;97,87;;91005 - INSS 05/2025 col.:25 - MARIA LUIZA DUTRA MATTOS
31/05/2025;;33;522;;903 - Adiantamento sem ded. IR 05/2025 col.:25 - MARIA LUIZA DUTRA MATTOS
31/05/2025;;456;78,3;;803 - Vale transporte 05/2025 col.:25 - MARIA LUIZA DUTRA MATTOS
31/05/2025;456;;1.305,00;;5 - Salário mensalista 05/2025 col.:25 - MARIA LUIZA DUTRA MATTOS
31/05/2025;;160;606,83;;Líquido Folha normal 05/2025 col.:25 - MARIA LUIZA DUTRA MATTOS
31/05/2025;468;172;122,03;;FGTS folha normal 05/2025 col.:24 - ANA PAULA MUNIZ DA SILVA BRIZOLA
31/05/2025;;171;114,51;;91005 - INSS 05/2025 col.:24 - ANA PAULA MUNIZ DA SILVA BRIZOLA
31/05/2025;456;;65,1;;14802 - Complemento ADC na folha normal 05/2025 col.:24 - ANA PAULA MUNIZ DA SILVA BRIZOLA
31/05/2025;;33;580;;903 - Adiantamento sem ded. IR 05/2025 col.:24 - ANA PAULA MUNIZ DA SILVA BRIZOLA
31/05/2025;;456;91,52;;803 - Vale transporte 05/2025 col.:24 - ANA PAULA MUNIZ DA SILVA BRIZOLA
31/05/2025;456;;1.525,40;;5 - Salário mensalista 05/2025 col.:24 - ANA PAULA MUNIZ DA SILVA BRIZOLA
31/05/2025;;160;804,47;;Líquido Folha normal 05/2025 col.:24 - ANA PAULA MUNIZ DA SILVA BRIZOLA
30/05/2025;468;172;5,63;;FGTS folha complementar 04/2025 col.:24 - ANA PAULA MUNIZ DA SILVA BRIZOLA
30/05/2025;;171;5,28;;91005 - INSS 04/2025 col.:24 - ANA PAULA MUNIZ DA SILVA BRIZOLA
30/05/2025;456;;70,38;;5 - Salário mensalista 04/2025 col.:24 - ANA PAULA MUNIZ DA SILVA BRIZOLA
30/05/2025;;160;65,1;;Líquido Folha complementar 04/2025 col.:24 - ANA PAULA MUNIZ DA SILVA BRIZOLA
31/05/2025;468;172;122,03;;FGTS folha normal 05/2025 col.:23 - IANA SILVA DE FREITAS
31/05/2025;;171;114,51;;91005 - INSS 05/2025 col.:23 - IANA SILVA DE FREITAS
31/05/2025;456;;60,88;;14802 - Complemento ADC na folha normal 05/2025 col.:23 - IANA SILVA DE FREITAS
31/05/2025;;33;580;;903 - Adiantamento sem ded. IR 05/2025 col.:23 - IANA SILVA DE FREITAS
31/05/2025;;456;91,52;;803 - Vale transporte 05/2025 col.:23 - IANA SILVA DE FREITAS
31/05/2025;456;;1.525,40;;5 - Salário mensalista 05/2025 col.:23 - IANA SILVA DE FREITAS
31/05/2025;;160;800,25;;Líquido Folha normal 05/2025 col.:23 - IANA SILVA DE FREITAS
30/05/2025;468;172;5,63;;FGTS folha complementar 04/2025 col.:23 - IANA SILVA DE FREITAS
30/05/2025;;171;5,28;;91005 - INSS 04/2025 col.:23 - IANA SILVA DE FREITAS
30/05/2025;;456;4,22;;803 - Vale transporte 04/2025 col.:23 - IANA SILVA DE FREITAS
30/05/2025;456;;70,38;;5 - Salário mensalista 04/2025 col.:23 - IANA SILVA DE FREITAS
30/05/2025;;160;60,88;;Líquido Folha complementar 04/2025 col.:23 - IANA SILVA DE FREITAS
31/05/2025;468;172;97,35;;FGTS folha normal 05/2025 col.:22 - IOLANDA AZEVEDO DUARTE
31/05/2025;;171;91,27;;91005 - INSS 05/2025 col.:22 - IOLANDA AZEVEDO DUARTE
31/05/2025;456;;8,78;;14802 - Complemento ADC na folha normal 05/2025 col.:22 - IOLANDA AZEVEDO DUARTE
31/05/2025;;33;385,6;;903 - Adiantamento sem ded. IR 05/2025 col.:22 - IOLANDA AZEVEDO DUARTE
31/05/2025;;456;60,85;;803 - Vale transporte 05/2025 col.:22 - IOLANDA AZEVEDO DUARTE
31/05/2025;456;;202,83;;203 - Adicional insalubridade 05/2025 col.:22 - IOLANDA AZEVEDO DUARTE
31/05/2025;456;;1.014,13;;5 - Salário mensalista 05/2025 col.:22 - IOLANDA AZEVEDO DUARTE
31/05/2025;;160;688,02;;Líquido Folha normal 05/2025 col.:22 - IOLANDA AZEVEDO DUARTE
30/05/2025;468;172;4,81;;FGTS folha complementar 04/2025 col.:22 - IOLANDA AZEVEDO DUARTE
30/05/2025;;171;50,14;;89305 - Desconto situação acidente de trabalho 04/2025 col.:22 - IOLANDA AZEVEDO DUARTE
30/05/2025;;171;0,75;;91005 - INSS 04/2025 col.:22 - IOLANDA AZEVEDO DUARTE
30/05/2025;;456;0,5;;803 - Vale transporte 04/2025 col.:22 - IOLANDA AZEVEDO DUARTE
30/05/2025;456;;1,68;;203 - Adicional insalubridade 04/2025 col.:22 - IOLANDA AZEVEDO DUARTE
30/05/2025;171;;8,36;;83032 - Sit. acid. trabalho adic. insalubridade 04/2025 col.:22 - IOLANDA AZEVEDO DUARTE
30/05/2025;171;;41,78;;83005 - Situação acidente de trabalho 04/2025 col.:22 - IOLANDA AZEVEDO DUARTE
30/05/2025;456;;8,35;;5 - Salário mensalista 04/2025 col.:22 - IOLANDA AZEVEDO DUARTE
30/05/2025;;160;8,78;;Líquido Folha complementar 04/2025 col.:22 - IOLANDA AZEVEDO DUARTE
31/05/2025;468;172;122,03;;FGTS folha normal 05/2025 col.:21 - MONICA SULZBACHER
31/05/2025;;171;114,51;;91005 - INSS 05/2025 col.:21 - MONICA SULZBACHER
31/05/2025;171;;130;;95005 - Salário família 05/2025 col.:21 - MONICA SULZBACHER
31/05/2025;456;;65,12;;14802 - Complemento ADC na folha normal 05/2025 col.:21 - MONICA SULZBACHER
31/05/2025;456;;101,69;;2005 - Atestado 05/2025 col.:21 - MONICA SULZBACHER
31/05/2025;;33;580;;903 - Adiantamento sem ded. IR 05/2025 col.:21 - MONICA SULZBACHER
31/05/2025;;456;91,52;;803 - Vale transporte 05/2025 col.:21 - MONICA SULZBACHER
31/05/2025;456;;1.423,71;;5 - Salário mensalista 05/2025 col.:21 - MONICA SULZBACHER
31/05/2025;;160;934,49;;Líquido Folha normal 05/2025 col.:21 - MONICA SULZBACHER
30/05/2025;468;172;6,03;;FGTS folha complementar 04/2025 col.:21 - MONICA SULZBACHER
30/05/2025;;171;5,76;;91005 - INSS 04/2025 col.:21 - MONICA SULZBACHER
30/05/2025;;456;4,52;;803 - Vale transporte 04/2025 col.:21 - MONICA SULZBACHER
30/05/2025;456;;75,4;;5 - Salário mensalista 04/2025 col.:21 - MONICA SULZBACHER
30/05/2025;;160;65,12;;Líquido Folha complementar 04/2025 col.:21 - MONICA SULZBACHER
31/05/2025;468;172;75,96;;FGTS folha normal 05/2025 col.:20 - ANDREIA CRISTINA SANTOS DE OLIVEIRA
31/05/2025;;171;71,21;;91005 - INSS 05/2025 col.:20 - ANDREIA CRISTINA SANTOS DE OLIVEIRA
31/05/2025;456;;40,6;;14802 - Complemento ADC na folha normal 05/2025 col.:20 - ANDREIA CRISTINA SANTOS DE OLIVEIRA
31/05/2025;;33;361,06;;903 - Adiantamento sem ded. IR 05/2025 col.:20 - ANDREIA CRISTINA SANTOS DE OLIVEIRA
31/05/2025;;456;56,97;;803 - Vale transporte 05/2025 col.:20 - ANDREIA CRISTINA SANTOS DE OLIVEIRA
31/05/2025;456;;949,58;;5 - Salário mensalista 05/2025 col.:20 - ANDREIA CRISTINA SANTOS DE OLIVEIRA
31/05/2025;;160;500,94;;Líquido Folha normal 05/2025 col.:20 - ANDREIA CRISTINA SANTOS DE OLIVEIRA
30/05/2025;468;172;3,75;;FGTS folha complementar 04/2025 col.:20 - ANDREIA CRISTINA SANTOS DE OLIVEIRA
30/05/2025;;171;3,52;;91005 - INSS 04/2025 col.:20 - ANDREIA CRISTINA SANTOS DE OLIVEIRA
30/05/2025;;456;2,82;;803 - Vale transporte 04/2025 col.:20 - ANDREIA CRISTINA SANTOS DE OLIVEIRA
30/05/2025;456;;46,94;;5 - Salário mensalista 04/2025 col.:20 - ANDREIA CRISTINA SANTOS DE OLIVEIRA
30/05/2025;;160;40,6;;Líquido Folha complementar 04/2025 col.:20 - ANDREIA CRISTINA SANTOS DE OLIVEIRA
31/05/2025;468;172;75,96;;FGTS folha normal 05/2025 col.:18 - ARLETE LEINDECKER OTTONI
31/05/2025;;171;71,21;;91005 - INSS 05/2025 col.:18 - ARLETE LEINDECKER OTTONI
31/05/2025;456;;40,6;;14802 - Complemento ADC na folha normal 05/2025 col.:18 - ARLETE LEINDECKER OTTONI
31/05/2025;;33;361,06;;903 - Adiantamento sem ded. IR 05/2025 col.:18 - ARLETE LEINDECKER OTTONI
31/05/2025;;456;56,97;;803 - Vale transporte 05/2025 col.:18 - ARLETE LEINDECKER OTTONI
31/05/2025;456;;949,58;;5 - Salário mensalista 05/2025 col.:18 - ARLETE LEINDECKER OTTONI
31/05/2025;;160;500,94;;Líquido Folha normal 05/2025 col.:18 - ARLETE LEINDECKER OTTONI
30/05/2025;468;172;3,75;;FGTS folha complementar 04/2025 col.:18 - ARLETE LEINDECKER OTTONI
30/05/2025;;171;3,52;;91005 - INSS 04/2025 col.:18 - ARLETE LEINDECKER OTTONI
30/05/2025;;456;2,82;;803 - Vale transporte 04/2025 col.:18 - ARLETE LEINDECKER OTTONI
30/05/2025;456;;46,94;;5 - Salário mensalista 04/2025 col.:18 - ARLETE LEINDECKER OTTONI
30/05/2025;;160;40,6;;Líquido Folha complementar 04/2025 col.:18 - ARLETE LEINDECKER OTTONI
31/05/2025;468;172;268,98;;FGTS folha normal 05/2025 col.:17 - GREICE MARIA DOS SANTOS MACHADO
31/05/2025;;184;44,04;;91505 - IR 05/2025 col.:17 - GREICE MARIA DOS SANTOS MACHADO
31/05/2025;;171;296,88;;91005 - INSS 05/2025 col.:17 - GREICE MARIA DOS SANTOS MACHADO
31/05/2025;456;;136,28;;14802 - Complemento ADC na folha normal 05/2025 col.:17 - GREICE MARIA DOS SANTOS MACHADO
31/05/2025;;33;1.278,44;;903 - Adiantamento sem ded. IR 05/2025 col.:17 - GREICE MARIA DOS SANTOS MACHADO
31/05/2025;;456;201,74;;803 - Vale transporte 05/2025 col.:17 - GREICE MARIA DOS SANTOS MACHADO
31/05/2025;456;;3.362,31;;5 - Salário mensalista 05/2025 col.:17 - GREICE MARIA DOS SANTOS MACHADO
31/05/2025;;160;1.677,49;;Líquido Folha normal 05/2025 col.:17 - GREICE MARIA DOS SANTOS MACHADO
30/05/2025;468;172;13,29;;FGTS folha complementar 04/2025 col.:17 - GREICE MARIA DOS SANTOS MACHADO
30/05/2025;;171;19,95;;91005 - INSS 04/2025 col.:17 - GREICE MARIA DOS SANTOS MACHADO
30/05/2025;;456;9,97;;803 - Vale transporte 04/2025 col.:17 - GREICE MARIA DOS SANTOS MACHADO
30/05/2025;456;;166,2;;5 - Salário mensalista 04/2025 col.:17 - GREICE MARIA DOS SANTOS MACHADO
30/05/2025;;160;136,28;;Líquido Folha complementar 04/2025 col.:17 - GREICE MARIA DOS SANTOS MACHADO
31/05/2025;468;172;75,96;;FGTS folha normal 05/2025 col.:16 - ROSANE RAMOS NUNES
31/05/2025;;171;71,21;;91005 - INSS 05/2025 col.:16 - ROSANE RAMOS NUNES
31/05/2025;456;;40,6;;14802 - Complemento ADC na folha normal 05/2025 col.:16 - ROSANE RAMOS NUNES
31/05/2025;;33;361,06;;903 - Adiantamento sem ded. IR 05/2025 col.:16 - ROSANE RAMOS NUNES
31/05/2025;;456;56,97;;803 - Vale transporte 05/2025 col.:16 - ROSANE RAMOS NUNES
31/05/2025;456;;31,65;;743 - Faltas justificadas dia 05/2025 col.:16 - ROSANE RAMOS NUNES
31/05/2025;456;;917,93;;5 - Salário mensalista 05/2025 col.:16 - ROSANE RAMOS NUNES
31/05/2025;;160;500,94;;Líquido Folha normal 05/2025 col.:16 - ROSANE RAMOS NUNES
30/05/2025;468;172;3,75;;FGTS folha complementar 04/2025 col.:16 - ROSANE RAMOS NUNES
30/05/2025;;171;3,52;;91005 - INSS 04/2025 col.:16 - ROSANE RAMOS NUNES
30/05/2025;;456;2,82;;803 - Vale transporte 04/2025 col.:16 - ROSANE RAMOS NUNES
30/05/2025;456;;46,94;;5 - Salário mensalista 04/2025 col.:16 - ROSANE RAMOS NUNES
30/05/2025;;160;40,6;;Líquido Folha complementar 04/2025 col.:16 - ROSANE RAMOS NUNES
31/05/2025;;171;1.216,96;;89105 - Desconto de situação auxílio doença 05/2025 col.:9 - TATIANE DA SILVA NUNES BARBOSA
31/05/2025;171;;202,83;;81032 - Sit. aux. doença adic. insalubridade 05/2025 col.:9 - TATIANE DA SILVA NUNES BARBOSA
31/05/2025;171;;1.014,13;;81005 - Situação auxílio doença 05/2025 col.:9 - TATIANE DA SILVA NUNES BARBOSA
30/05/2025;;171;60,16;;89105 - Desconto de situação auxílio doença 04/2025 col.:9 - TATIANE DA SILVA NUNES BARBOSA
30/05/2025;171;;10,03;;81032 - Sit. aux. doença adic. insalubridade 04/2025 col.:9 - TATIANE DA SILVA NUNES BARBOSA
30/05/2025;171;;50,13;;81005 - Situação auxílio doença 04/2025 col.:9 - TATIANE DA SILVA NUNES BARBOSA
31/05/2025;468;172;183,04;;FGTS folha normal 05/2025 col.:8 - SILVIA TARUEL RITTES TOLEDO
31/05/2025;;171;183,15;;91005 - INSS 05/2025 col.:8 - SILVIA TARUEL RITTES TOLEDO
31/05/2025;456;;96,14;;14802 - Complemento ADC na folha normal 05/2025 col.:8 - SILVIA TARUEL RITTES TOLEDO
31/05/2025;;33;870;;903 - Adiantamento sem ded. IR 05/2025 col.:8 - SILVIA TARUEL RITTES TOLEDO
31/05/2025;;456;137,29;;803 - Vale transporte 05/2025 col.:8 - SILVIA TARUEL RITTES TOLEDO
31/05/2025;456;;2.288,10;;5 - Salário mensalista 05/2025 col.:8 - SILVIA TARUEL RITTES TOLEDO
31/05/2025;;160;1.193,80;;Líquido Folha normal 05/2025 col.:8 - SILVIA TARUEL RITTES TOLEDO
30/05/2025;468;172;9,04;;FGTS folha complementar 04/2025 col.:8 - SILVIA TARUEL RITTES TOLEDO
30/05/2025;;171;10,17;;91005 - INSS 04/2025 col.:8 - SILVIA TARUEL RITTES TOLEDO
30/05/2025;;456;6,79;;803 - Vale transporte 04/2025 col.:8 - SILVIA TARUEL RITTES TOLEDO
30/05/2025;456;;113,1;;5 - Salário mensalista 04/2025 col.:8 - SILVIA TARUEL RITTES TOLEDO
30/05/2025;;160;96,14;;Líquido Folha complementar 04/2025 col.:8 - SILVIA TARUEL RITTES TOLEDO
31/05/2025;468;172;122,03;;FGTS folha normal 05/2025 col.:7 - MARIA ADRIANA SILVEIRA DA SILVA
31/05/2025;;171;114,51;;91005 - INSS 05/2025 col.:7 - MARIA ADRIANA SILVEIRA DA SILVA
31/05/2025;456;;69,64;;14802 - Complemento ADC na folha normal 05/2025 col.:7 - MARIA ADRIANA SILVEIRA DA SILVA
31/05/2025;;33;580;;903 - Adiantamento sem ded. IR 05/2025 col.:7 - MARIA ADRIANA SILVEIRA DA SILVA
31/05/2025;456;;1.525,40;;5 - Salário mensalista 05/2025 col.:7 - MARIA ADRIANA SILVEIRA DA SILVA
31/05/2025;;160;900,53;;Líquido Folha normal 05/2025 col.:7 - MARIA ADRIANA SILVEIRA DA SILVA
30/05/2025;468;172;6,03;;FGTS folha complementar 04/2025 col.:7 - MARIA ADRIANA SILVEIRA DA SILVA
30/05/2025;;171;5,76;;91005 - INSS 04/2025 col.:7 - MARIA ADRIANA SILVEIRA DA SILVA
30/05/2025;456;;75,4;;5 - Salário mensalista 04/2025 col.:7 - MARIA ADRIANA SILVEIRA DA SILVA
30/05/2025;;160;69,64;;Líquido Folha complementar 04/2025 col.:7 - MARIA ADRIANA SILVEIRA DA SILVA
31/05/2025;468;172;403,47;;FGTS Folha normal 05/2025 col.:1 - DENISE IENCZAK FERRI
31/05/2025;;184;379,8;;91505 - IR 05/2025 col.:1 - DENISE IENCZAK FERRI
31/05/2025;;171;515,66;;91005 - INSS 05/2025 col.:1 - DENISE IENCZAK FERRI
31/05/2025;456;;214,4;;14802 - Complemento ADC na folha normal 05/2025 col.:1 - DENISE IENCZAK FERRI
31/05/2025;456;;840,58;;2005 - Atestado 05/2025 col.:1 - DENISE IENCZAK FERRI
31/05/2025;;33;1.917,66;;903 - Adiantamento sem ded. IR 05/2025 col.:1 - DENISE IENCZAK FERRI
31/05/2025;456;;4.202,88;;5 - Salário mensalista 05/2025 col.:1 - DENISE IENCZAK FERRI
31/05/2025;;160;2.444,74;;Líquido Folha normal 05/2025 col.:1 - DENISE IENCZAK FERRI
30/05/2025;468;172;19,94;;FGTS Folha complementar 04/2025 col.:1 - DENISE IENCZAK FERRI col.:000001
30/05/2025;;171;34,9;;91005 - INSS 04/2025 col.:1 - DENISE IENCZAK FERRI col.:000001
30/05/2025;456;;249,3;;5 - Salário mensalista 04/2025 col.:1 - DENISE IENCZAK FERRI col.:000001
30/05/2025;;160;214,4;;Líquido Folha complementar 04/2025 col.:1 - DENISE IENCZAK FERRI col.:000001
15/05/2025;33;160;522;;Líquido Adiantamento salário 05/2025 col.:25 - MARIA LUIZA DUTRA MATTOS
05/03/2025;617;793;30;;RIFA
05/03/2025;475;617;378,66;;CEEE
05/03/2025;160;617;331,73;;PAGAMENTO DE SALÁRIOS
05/03/2025;160;617;391,9;;PAGAMENTO DE SALÁRIOS
05/03/2025;160;617;419,73;;PAGAMENTO DE SALÁRIOS
05/03/2025;160;617;575,59;;PAGAMENTO DE SALÁRIOS
05/03/2025;160;617;1.536,96;;PAGAMENTO DE SALÁRIOS
05/03/2025;617;793;2.439,69;;TROCO SOLIDÁRIO
05/03/2025;565;617;9;;DOC/TED INTERNET PJ
05/03/2025;565;617;9;;DOC/TED INTERNET PJ
05/03/2025;565;617;9;;DOC/TED INTERNET PJ
05/03/2025;565;617;9;;DOC/TED INTERNET PJ
05/03/2025;615;776;6.950,00;;RESGATE AUTOMATICO
05/03/2025;565;615;12;;TARIFA DOC/TED
05/03/2025;565;615;12;;TARIFA DOC/TED
05/03/2025;565;615;12;;TARIFA DOC/TED
05/03/2025;565;615;12;;TARIFA DOC/TED
05/03/2025;565;615;12;;TARIFA DOC/TED
05/03/2025;565;615;12;;TARIFA DOC/TED
05/03/2025;160;615;2.106,90;;PAGAMENTO DE SALÁRIOS
05/03/2025;160;615;1.421,06;;PAGAMENTO DE SALÁRIOS
05/03/2025;160;615;1.001,52;;PAGAMENTO DE SALÁRIOS
05/03/2025;160;615;869,25;;PAGAMENTO DE SALÁRIOS
05/03/2025;160;615;761,25;;PAGAMENTO DE SALÁRIOS
05/03/2025;160;615;739,25;;PAGAMENTO DE SALÁRIOS
06/03/2025;617;793;75;;BRECHÓ
06/03/2025;465;617;171,6;;VALE TRANSPORTE
06/03/2025;465;617;179,3;;VALE TRANSPORTE
06/03/2025;465;617;179,3;;VALE TRANSPORTE
06/03/2025;617;793;1.258,50;;TROCO SOLIDÁRIO
06/03/2025;565;617;9;;DOC/TED INTERNET PJ
06/03/2025;565;617;9;;DOC/TED INTERNET PJ
06/03/2025;565;617;9;;DOC/TED INTERNET PJ
06/03/2025;565;7;68,4;;TARIFA MANUTENÇÃO CONTA
06/03/2025;7;12;68,4;;BB RENDE FACIL
06/03/2025;615;808;38.669,56;;CREDITO TRANFERENCIA
06/03/2025;565;615;12;;TARIFA DOC/TED
06/03/2025;565;615;12;;TARIFA DOC/TED
06/03/2025;565;615;12;;TARIFA DOC/TED
06/03/2025;565;615;12;;TARIFA DOC/TED
06/03/2025;565;615;12;;TARIFA DOC/TED
06/03/2025;465;615;309,7;;VALE TRANSPORTE
06/03/2025;465;615;309,7;;VALE TRANSPORTE
06/03/2025;465;615;307,8;;VALE TRANSPORTE
06/03/2025;465;615;307,8;;VALE TRANSPORTE
06/03/2025;465;615;243;;VALE TRANSPORTE
06/03/2025;776;615;37.142,65;;APLICAÇÃO AUTOMATICA
06/03/2025;481;5;32;;MANUTENÇÃO E CONSERVAÇÃO
07/03/2025;498;810;530,3;;ALIMENTAÇÃO
07/03/2025;565;810;5,24;;TAR. AGRUPADAS
07/03/2025;615;776;1.700,00;;RESGATE AUTOMATICO
07/03/2025;565;615;12;;TARIFA DOC/TED
07/03/2025;489;615;1.675,00;;PAGAMENTO FORNECEDORES
07/03/2025;498;5;129,35;;ALIMENTAÇÃO
10/03/2025;617;793;40;;RIFA
10/03/2025;617;786;50;;MENSALIDADE
10/03/2025;617;793;886,58;;TROCO SOLIDÁRIO
10/03/2025;480;617;180;;TONNER
10/03/2025;489;617;560,7;;SERVIÇOS DE TERCEIROS PESSOA JURÍDICA
10/03/2025;714;617;178,82;;L E G SEGURANÇA
10/03/2025;617;308;70;;DOAÇÕES
10/03/2025;617;793;738,81;;TROCO SOLIDÁRIO
10/03/2025;565;617;29;;CESTA DE RELACIONAMENTO
10/03/2025;617;793;1,81;;TROCO SOLIDÁRIO
10/03/2025;617;793;0,66;;TROCO SOLIDÁRIO
10/03/2025;617;793;0,18;;TROCO SOLIDÁRIO
10/03/2025;617;793;1,08;;TROCO SOLIDÁRIO
10/03/2025;617;793;1,04;;TROCO SOLIDÁRIO
10/03/2025;617;793;1,15;;TROCO SOLIDÁRIO
10/03/2025;617;793;1;;TROCO SOLIDÁRIO
10/03/2025;617;793;0,1;;TROCO SOLIDÁRIO
10/03/2025;617;793;1,83;;TROCO SOLIDÁRIO
10/03/2025;5;786;240;;MENSALIDADE
11/03/2025;617;786;180;;MENSALIDADE
11/03/2025;617;793;60;;RIFA
12/03/2025;617;793;10;;RIFA
12/03/2025;500;5;110;;GÁS
13/03/2025;617;793;250;;RIFA
13/03/2025;617;793;10;;RIFA
14/03/2025;83;617;500;;ACORDO TRABALHISTA
14/03/2025;83;617;500;;ACORDO TRABALHISTA
14/03/2025;83;617;500;;ACORDO TRABALHISTA
14/03/2025;83;617;500;;ACORDO TRABALHISTA
14/03/2025;83;617;500;;ACORDO TRABALHISTA
14/03/2025;83;617;500;;ACORDO TRABALHISTA
14/03/2025;83;617;500;;ACORDO TRABALHISTA
14/03/2025;83;617;500;;ACORDO TRABALHISTA
14/03/2025;807;617;132,61;;VIVO
14/03/2025;565;617;9;;DOC/TED INTERNET PJ
14/03/2025;565;617;9;;DOC/TED INTERNET PJ
14/03/2025;565;617;9;;DOC/TED INTERNET PJ
14/03/2025;565;617;9;;DOC/TED INTERNET PJ
14/03/2025;565;617;9;;DOC/TED INTERNET PJ
14/03/2025;565;617;9;;DOC/TED INTERNET PJ
14/03/2025;617;793;20;;RIFA
14/03/2025;5;786;30;;MENSALIDADE
17/03/2025;617;793;10;;RIFA
17/03/2025;617;793;10;;RIFA
17/03/2025;617;793;1.000,00;;FEIRA DO PEIXE
17/03/2025;617;793;10;;RIFA
17/03/2025;800;617;1.000,00;;TRANSFERÊNCIA ENTRE CONTAS
17/03/2025;715;800;125,4;;PGTO RRT 15353436
17/03/2025;565;800;29;;CESTA DE RELACIONAMENTO
17/03/2025;565;800;29;;CESTA DE RELACIONAMENTO
17/03/2025;565;800;29;;CESTA DE RELACIONAMENTO
17/03/2025;480;810;4.425,93;;CASA DO PAPEL
19/03/2025;617;793;1.250,00;;FEIRA DO PEIXE
19/03/2025;800;617;1.250,00;;TRANSFERÊNCIA ENTRE CONTAS
19/03/2025;617;793;1.250,00;;FEIRA DO PEIXE
19/03/2025;715;800;125,4;;RRT CA U A2060850
20/03/2025;800;617;1.250,00;;TRANSFERÊNCIA ENTRE CONTAS
20/03/2025;160;617;439,22;;ADIANTAMENTO SALARIAL
20/03/2025;160;617;361,06;;ADIANTAMENTO SALARIAL
20/03/2025;160;617;361,06;;ADIANTAMENTO SALARIAL
20/03/2025;160;617;1.203,51;;ADIANTAMENTO SALARIAL
20/03/2025;486;617;62,5;;ASSISTÊNCIA MÉDICA
20/03/2025;486;617;339,69;;ASSISTÊNCIA MÉDICA
20/03/2025;171;617;1.779,83;;INSS
20/03/2025;474;617;277,08;;CORSAN
20/03/2025;160;617;361,06;;ADIANTAMENTO SALARIAL
20/03/2025;617;793;1.750,00;;FEIRA DO PEIXE
20/03/2025;617;793;1.250,00;;FEIRA DO PEIXE
20/03/2025;617;793;8.000,00;;FEIRA DO PEIXE
20/03/2025;565;617;9;;DOC/TED INTERNET PJ
20/03/2025;565;617;9;;DOC/TED INTERNET PJ
20/03/2025;565;617;9;;DOC/TED INTERNET PJ
20/03/2025;565;617;9;;DOC/TED INTERNET PJ
20/03/2025;565;617;9;;DOC/TED INTERNET PJ
20/03/2025;615;776;8.250,00;;RESGATE AUTOMATICO
20/03/2025;489;615;645;;PGTO SERVIÇOS DE TERCEIROS PESSOA JURIDICA
20/03/2025;565;615;3,3;;TARIFA DOC/TED
20/03/2025;565;615;3,3;;TARIFA DOC/TED
20/03/2025;565;615;3,3;;TARIFA DOC/TED
20/03/2025;565;615;3,3;;TARIFA DOC/TED
20/03/2025;565;615;3,3;;TARIFA DOC/TED
20/03/2025;565;615;3,3;;TARIFA DOC/TED
20/03/2025;160;615;1.917,66;;PAGAMENTO DE SALÁRIOS
20/03/2025;160;615;1.278,44;;PAGAMENTO DE SALÁRIOS
20/03/2025;160;615;870;;PAGAMENTO DE SALÁRIOS
20/03/2025;160;615;580;;PAGAMENTO DE SALÁRIOS
20/03/2025;160;615;580;;PAGAMENTO DE SALÁRIOS
20/03/2025;160;615;580;;PAGAMENTO DE SALÁRIOS
20/03/2025;172;615;1.774,83;;FGTS
21/03/2025;617;793;1.750,00;;FEIRA DO PEIXE
21/03/2025;800;617;1.250,00;;TRANSFERÊNCIA ENTRE CONTAS
21/03/2025;800;617;1.750,00;;TRANSFERÊNCIA ENTRE CONTAS
21/03/2025;800;617;8.000,00;;TRANSFERÊNCIA ENTRE CONTAS
21/03/2025;800;617;1.750,00;;TRANSFERÊNCIA ENTRE CONTAS
21/03/2025;490;800;12.000,00;;PGTO PARCIAL DA LOC MONTAG FEIRA PEIXE
21/03/2025;498;810;185,64;;ALIMENTAÇÃO
21/03/2025;498;810;719,41;;ALIMENTAÇÃO
21/03/2025;565;810;8,95;;TAR. AGRUPADAS
21/03/2025;810;811;500;;BB CDB DI
21/03/2025;810;811;10,82;;BB CDB DI
23/03/2025;565;7;66,2;;TARIFA RENOVAÇÃO CADASTRO
24/03/2025;617;793;20;;RIFA
24/03/2025;617;793;3.500,00;;FEIRA DO PEIXE
24/03/2025;481;5;14;;MANUTENÇÃO E CONSERVAÇÃO
25/03/2025;617;793;1.750,00;;FEIRA DO PEIXE
25/03/2025;7;12;66,2;;BB RENDE FACIL
25/03/2025;5;786;50;;MENSALIDADE
26/03/2025;617;793;90;;RIFA
26/03/2025;800;617;1.750,00;;TRANSFERÊNCIA ENTRE CONTAS
26/03/2025;800;617;3.500,00;;TRANSFERÊNCIA ENTRE CONTAS
26/03/2025;617;786;30;;MENSALIDADE
26/03/2025;617;793;10;;RIFA
27/03/2025;617;793;20;;RIFA
27/03/2025;617;793;20;;RIFA
31/03/2025;617;793;240;;RIFA
31/03/2025;617;793;1.750,00;;FEIRA DO PEIXE
31/03/2025;5;793;50;;DOAÇÕES
31/03/2025;5;793;105;;CAMISETAS
31/03/2025;5;793;140;;BRECHÓ
15/05/2025;33;160;580;;Líquido Adiantamento salário 05/2025 col.:24 - ANA PAULA MUNIZ DA SILVA BRIZOLA
15/05/2025;33;160;580;;Líquido Adiantamento salário 05/2025 col.:23 - IANA SILVA DE FREITAS
15/05/2025;33;160;385,6;;Líquido Adiantamento salário 05/2025 col.:22 - IOLANDA AZEVEDO DUARTE
15/05/2025;33;160;580;;Líquido Adiantamento salário 05/2025 col.:21 - MONICA SULZBACHER
15/05/2025;33;160;361,06;;Líquido Adiantamento salário 05/2025 col.:20 - ANDREIA CRISTINA SANTOS DE OLIVEIRA
15/05/2025;33;160;361,06;;Líquido Adiantamento salário 05/2025 col.:18 - ARLETE LEINDECKER OTTONI
15/05/2025;33;160;1.278,44;;Líquido Adiantamento salário 05/2025 col.:17 - GREICE MARIA DOS SANTOS MACHADO
15/05/2025;33;160;361,06;;Líquido Adiantamento salário 05/2025 col.:16 - ROSANE RAMOS NUNES
15/05/2025;33;160;870;;Líquido Adiantamento salário 05/2025 col.:8 - SILVIA TARUEL RITTES TOLEDO
15/05/2025;33;160;580;;Líquido Adiantamento salário 05/2025 col.:7 - MARIA ADRIANA SILVEIRA DA SILVA
15/05/2025;33;160;1.917,66;;Líquido Adiantamento salário 05/2025 col.:1 - DENISE IENCZAK FERRI
30/04/2025;468;172;72,21;;FGTS folha normal 04/2025 col.:16 - ROSANE RAMOS NUNES
30/04/2025;;171;67,69;;91005 - INSS 04/2025 col.:16 - ROSANE RAMOS NUNES
30/04/2025;;33;361,06;;903 - Adiantamento sem ded. IR 04/2025 col.:16 - ROSANE RAMOS NUNES
30/04/2025;;456;54,16;;803 - Vale transporte 04/2025 col.:16 - ROSANE RAMOS NUNES
30/04/2025;456;;902,64;;5 - Salário mensalista 04/2025 col.:16 - ROSANE RAMOS NUNES
30/04/2025;;160;419,73;;Líquido Folha normal 04/2025 col.:16 - ROSANE RAMOS NUNES
30/04/2025;468;172;92,54;;FGTS folha normal 04/2025 col.:22 - IOLANDA AZEVEDO DUARTE
30/04/2025;;171;964;;89305 - Desconto situação acidente de trabalho 04/2025 col.:22 - IOLANDA AZEVEDO DUARTE
30/04/2025;;171;14,46;;91005 - INSS 04/2025 col.:22 - IOLANDA AZEVEDO DUARTE
30/04/2025;;456;9,64;;803 - Vale transporte 04/2025 col.:22 - IOLANDA AZEVEDO DUARTE
30/04/2025;456;;32,13;;203 - Adicional insalubridade 04/2025 col.:22 - IOLANDA AZEVEDO DUARTE
30/04/2025;171;;160,67;;83032 - Sit. acid. trabalho adic. insalubridade 04/2025 col.:22 - IOLANDA AZEVEDO DUARTE
30/04/2025;171;;803,33;;83005 - Situação acidente de trabalho 04/2025 col.:22 - IOLANDA AZEVEDO DUARTE
30/04/2025;456;;160,67;;5 - Salário mensalista 04/2025 col.:22 - IOLANDA AZEVEDO DUARTE
30/04/2025;;160;168,7;;Líquido Folha normal 04/2025 col.:22 - IOLANDA AZEVEDO DUARTE
30/04/2025;468;172;108,26;;FGTS folha normal 04/2025 col.:23 - IANA SILVA DE FREITAS
30/04/2025;;171;101,49;;91005 - INSS 04/2025 col.:23 - IANA SILVA DE FREITAS
30/04/2025;;33;541,33;;903 - Adiantamento sem ded. IR 04/2025 col.:23 - IANA SILVA DE FREITAS
30/04/2025;;456;81,2;;803 - Vale transporte 04/2025 col.:23 - IANA SILVA DE FREITAS
30/04/2025;456;;1.353,33;;5 - Salário mensalista 04/2025 col.:23 - IANA SILVA DE FREITAS
30/04/2025;;160;629,31;;Líquido Folha normal 04/2025 col.:23 - IANA SILVA DE FREITAS
30/04/2025;468;172;108,26;;FGTS folha normal 04/2025 col.:24 - ANA PAULA MUNIZ DA SILVA BRIZOLA
30/04/2025;;171;101,49;;91005 - INSS 04/2025 col.:24 - ANA PAULA MUNIZ DA SILVA BRIZOLA
30/04/2025;;33;541,33;;903 - Adiantamento sem ded. IR 04/2025 col.:24 - ANA PAULA MUNIZ DA SILVA BRIZOLA
30/04/2025;456;;1.353,33;;5 - Salário mensalista 04/2025 col.:24 - ANA PAULA MUNIZ DA SILVA BRIZOLA
30/04/2025;;160;710,51;;Líquido Folha normal 04/2025 col.:24 - ANA PAULA MUNIZ DA SILVA BRIZOLA
30/04/2025;468;172;116;;FGTS folha normal 04/2025 col.:21 - MONICA SULZBACHER
30/04/2025;;171;108,75;;91005 - INSS 04/2025 col.:21 - MONICA SULZBACHER
30/04/2025;171;;195;;95005 - Salário família 04/2025 col.:21 - MONICA SULZBACHER
30/04/2025;;33;580;;903 - Adiantamento sem ded. IR 04/2025 col.:21 - MONICA SULZBACHER
30/04/2025;;456;87;;803 - Vale transporte 04/2025 col.:21 - MONICA SULZBACHER
30/04/2025;456;;1.450,00;;5 - Salário mensalista 04/2025 col.:21 - MONICA SULZBACHER
30/04/2025;;160;869,25;;Líquido Folha normal 04/2025 col.:21 - MONICA SULZBACHER
30/04/2025;468;172;72,21;;FGTS folha normal 04/2025 col.:20 - ANDREIA CRISTINA SANTOS DE OLIVEIRA
30/04/2025;;171;67,69;;91005 - INSS 04/2025 col.:20 - ANDREIA CRISTINA SANTOS DE OLIVEIRA
30/04/2025;;33;361,06;;903 - Adiantamento sem ded. IR 04/2025 col.:20 - ANDREIA CRISTINA SANTOS DE OLIVEIRA
30/04/2025;;456;54,16;;803 - Vale transporte 04/2025 col.:20 - ANDREIA CRISTINA SANTOS DE OLIVEIRA
30/04/2025;456;;902,64;;5 - Salário mensalista 04/2025 col.:20 - ANDREIA CRISTINA SANTOS DE OLIVEIRA
30/04/2025;;160;419,73;;Líquido Folha normal 04/2025 col.:20 - ANDREIA CRISTINA SANTOS DE OLIVEIRA
30/04/2025;468;172;72,21;;FGTS folha normal 04/2025 col.:18 - ARLETE LEINDECKER OTTONI
30/04/2025;;171;67,69;;91005 - INSS 04/2025 col.:18 - ARLETE LEINDECKER OTTONI
30/04/2025;;33;361,06;;903 - Adiantamento sem ded. IR 04/2025 col.:18 - ARLETE LEINDECKER OTTONI
30/04/2025;;456;54,16;;803 - Vale transporte 04/2025 col.:18 - ARLETE LEINDECKER OTTONI
30/04/2025;456;;902,64;;5 - Salário mensalista 04/2025 col.:18 - ARLETE LEINDECKER OTTONI
30/04/2025;;160;419,73;;Líquido Folha normal 04/2025 col.:18 - ARLETE LEINDECKER OTTONI
30/04/2025;468;172;255,68;;FGTS folha normal 04/2025 col.:17 - GREICE MARIA DOS SANTOS MACHADO
30/04/2025;;184;27,91;;91505 - IR 04/2025 col.:17 - GREICE MARIA DOS SANTOS MACHADO
30/04/2025;;171;276,93;;91005 - INSS 04/2025 col.:17 - GREICE MARIA DOS SANTOS MACHADO
30/04/2025;;33;1.278,44;;903 - Adiantamento sem ded. IR 04/2025 col.:17 - GREICE MARIA DOS SANTOS MACHADO
30/04/2025;;456;191,77;;803 - Vale transporte 04/2025 col.:17 - GREICE MARIA DOS SANTOS MACHADO
30/04/2025;456;;3.196,11;;5 - Salário mensalista 04/2025 col.:17 - GREICE MARIA DOS SANTOS MACHADO
30/04/2025;;160;1.421,06;;Líquido Folha normal 04/2025 col.:17 - GREICE MARIA DOS SANTOS MACHADO
30/04/2025;;171;1.156,80;;89105 - Desconto de situação auxílio doença 04/2025 col.:9 - TATIANE DA SILVA NUNES BARBOSA
30/04/2025;171;;192,8;;81032 - Sit. aux. doença adic. insalubridade 04/2025 col.:9 - TATIANE DA SILVA NUNES BARBOSA
30/04/2025;171;;964;;81005 - Situação auxílio doença 04/2025 col.:9 - TATIANE DA SILVA NUNES BARBOSA
30/04/2025;468;172;174;;FGTS folha normal 04/2025 col.:8 - SILVIA TARUEL RITTES TOLEDO
30/04/2025;;171;172,98;;91005 - INSS 04/2025 col.:8 - SILVIA TARUEL RITTES TOLEDO
30/04/2025;;33;870;;903 - Adiantamento sem ded. IR 04/2025 col.:8 - SILVIA TARUEL RITTES TOLEDO
30/04/2025;;456;130,5;;803 - Vale transporte 04/2025 col.:8 - SILVIA TARUEL RITTES TOLEDO
30/04/2025;456;;2.175,00;;5 - Salário mensalista 04/2025 col.:8 - SILVIA TARUEL RITTES TOLEDO
30/04/2025;;160;1.001,52;;Líquido Folha normal 04/2025 col.:8 - SILVIA TARUEL RITTES TOLEDO
30/04/2025;468;172;116;;FGTS folha normal 04/2025 col.:7 - MARIA ADRIANA SILVEIRA DA SILVA
30/04/2025;;171;108,75;;91005 - INSS 04/2025 col.:7 - MARIA ADRIANA SILVEIRA DA SILVA
30/04/2025;;33;580;;903 - Adiantamento sem ded. IR 04/2025 col.:7 - MARIA ADRIANA SILVEIRA DA SILVA
30/04/2025;456;;1.450,00;;5 - Salário mensalista 04/2025 col.:7 - MARIA ADRIANA SILVEIRA DA SILVA
30/04/2025;;160;761,25;;Líquido Folha normal 04/2025 col.:7 - MARIA ADRIANA SILVEIRA DA SILVA
30/04/2025;468;172;383,53;;FGTS Folha normal 04/2025 col.:1 - DENISE IENCZAK FERRI
30/04/2025;;184;288,84;;91505 - IR 04/2025 col.:1 - DENISE IENCZAK FERRI
30/04/2025;;171;480,76;;91005 - INSS 04/2025 col.:1 - DENISE IENCZAK FERRI
30/04/2025;;33;1.917,66;;903 - Adiantamento sem ded. IR 04/2025 col.:1 - DENISE IENCZAK FERRI
30/04/2025;456;;4.794,16;;5 - Salário mensalista 04/2025 col.:1 - DENISE IENCZAK FERRI
30/04/2025;;160;2.106,90;;Líquido Folha normal 04/2025 col.:1 - DENISE IENCZAK FERRI
15/04/2025;33;160;541,33;;Líquido Adiantamento salário 04/2025 col.:24 - ANA PAULA MUNIZ DA SILVA BRIZOLA
15/04/2025;33;160;541,33;;Líquido Adiantamento salário 04/2025 col.:23 - IANA SILVA DE FREITAS
15/04/2025;33;160;580;;Líquido Adiantamento salário 04/2025 col.:21 - MONICA SULZBACHER
15/04/2025;33;160;361,06;;Líquido Adiantamento salário 04/2025 col.:20 - ANDREIA CRISTINA SANTOS DE OLIVEIRA
15/04/2025;33;160;361,06;;Líquido Adiantamento salário 04/2025 col.:18 - ARLETE LEINDECKER OTTONI
15/04/2025;33;160;1.278,44;;Líquido Adiantamento salário 04/2025 col.:17 - GREICE MARIA DOS SANTOS MACHADO
15/04/2025;33;160;361,06;;Líquido Adiantamento salário 04/2025 col.:16 - ROSANE RAMOS NUNES
15/04/2025;33;160;870;;Líquido Adiantamento salário 04/2025 col.:8 - SILVIA TARUEL RITTES TOLEDO
15/04/2025;33;160;580;;Líquido Adiantamento salário 04/2025 col.:7 - MARIA ADRIANA SILVEIRA DA SILVA
15/04/2025;33;160;1.917,66;;Líquido Adiantamento salário 04/2025 col.:1 - DENISE IENCZAK FERRI
04/04/2025;178;174;60,17;;FGTS 13º salário rescisão (GRRF) 04/2025 col.:14 - LAURO TEIXEIRA RODH
04/04/2025;468;174;316,92;;FGTS folha normal (GRRF) 04/2025 col.:14 - LAURO TEIXEIRA RODH
04/04/2025;469;174;2.036,75;;FGTS multa rescisória 40% 04/2025 col.:14 - LAURO TEIXEIRA RODH
04/04/2025;172;174;240,7;;FGTS mês anterior folha (GRRF) 04/2025 col.:14 - LAURO TEIXEIRA RODH
04/04/2025;172;468;240,7;;(Estorno) FGTS Folha normal 03/2025 col.:14 - LAURO TEIXEIRA RODH
04/04/2025;;171;75,21;;91205 - INSS 13° salário rescisão 04/2025 col.:14 - LAURO TEIXEIRA RODH
04/04/2025;;171;30,08;;91005 - INSS 04/2025 col.:14 - LAURO TEIXEIRA RODH
04/04/2025;460;;250,73;;76003 - Rescisão 13º salário indenizado (1/12) 04/2025 col.:14 - LAURO TEIXEIRA RODH
04/04/2025;176;;752,2;;75005 - Rescisão 13° salário 04/2025 col.:14 - LAURO TEIXEIRA RODH
04/04/2025;459;;83,58;;72993 - Rescisão 1/3 férias proporc. indenizadas 04/2025 col.:14 - LAURO TEIXEIRA RODH
04/04/2025;459;;250,73;;72003 - Rescisão férias proporc. inden. (1/12) 04/2025 col.:14 - LAURO TEIXEIRA RODH
04/04/2025;177;;334,31;;71993 - Rescisão 1/3 férias proporcionais 04/2025 col.:14 - LAURO TEIXEIRA RODH
04/04/2025;177;;1.002,93;;71005 - Rescisão férias proporcionais 04/2025 col.:14 - LAURO TEIXEIRA RODH
04/04/2025;456;;3.309,66;;70505 - Rescisão aviso prévio indenizado 04/2025 col.:14 - LAURO TEIXEIRA RODH
04/04/2025;456;;401,17;;70005 - Saldo de salário rescisão 04/2025 col.:14 - LAURO TEIXEIRA RODH
04/04/2025;;162;6.280,02;;Líquido Folha normal 04/2025 col.:14 - LAURO TEIXEIRA RODH
27/03/2025;178;172;21,96;;FGTS (Rescisão) 13º rescisão 03/2025 col.:12 - ANA CLAUDIA DOS SANTOS PINTO
27/03/2025;468;172;79,05;;FGTS (Rescisão) folha normal 03/2025 col.:12 - ANA CLAUDIA DOS SANTOS PINTO
27/03/2025;;171;20,58;;91205 - INSS 13° salário rescisão 03/2025 col.:12 - ANA CLAUDIA DOS SANTOS PINTO
27/03/2025;;171;74,11;;91005 - INSS 03/2025 col.:12 - ANA CLAUDIA DOS SANTOS PINTO
27/03/2025;171;;58,5;;95005 - Salário família 03/2025 col.:12 - ANA CLAUDIA DOS SANTOS PINTO
27/03/2025;;33;439,22;;903 - Adiantamento sem ded. IR 03/2025 col.:12 - ANA CLAUDIA DOS SANTOS PINTO
27/03/2025;;456;59,29;;803 - Vale transporte 03/2025 col.:12 - ANA CLAUDIA DOS SANTOS PINTO
27/03/2025;176;;274,51;;75005 - Rescisão 13° salário 03/2025 col.:12 - ANA CLAUDIA DOS SANTOS PINTO
27/03/2025;177;;91,5;;71993 - Rescisão 1/3 férias proporcionais 03/2025 col.:12 - ANA CLAUDIA DOS SANTOS PINTO
27/03/2025;177;;274,51;;71005 - Rescisão férias proporcionais 03/2025 col.:12 - ANA CLAUDIA DOS SANTOS PINTO
27/03/2025;456;;988,24;;70005 - Saldo de salário rescisão 03/2025 col.:12 - ANA CLAUDIA DOS SANTOS PINTO
27/03/2025;;162;1.094,06;;Líquido Folha normal 03/2025 col.:12 - ANA CLAUDIA DOS SANTOS PINTO
31/03/2025;468;172;240,7;;FGTS folha normal 03/2025 col.:14 - LAURO TEIXEIRA RODH
31/03/2025;;184;13,86;;91505 - IR 03/2025 col.:14 - LAURO TEIXEIRA RODH
31/03/2025;;171;254,45;;91005 - INSS 03/2025 col.:14 - LAURO TEIXEIRA RODH
31/03/2025;456;;501,46;;2005 - Atestado 03/2025 col.:14 - LAURO TEIXEIRA RODH
31/03/2025;;33;1.203,51;;903 - Adiantamento sem ded. IR 03/2025 col.:14 - LAURO TEIXEIRA RODH
31/03/2025;456;;2.507,32;;5 - Salário mensalista 03/2025 col.:14 - LAURO TEIXEIRA RODH
31/03/2025;;160;1.536,96;;Líquido Folha normal 03/2025 col.:14 - LAURO TEIXEIRA RODH
24/03/2025;178;172;29;;FGTS (Rescisão) 13º rescisão 03/2025 col.:19 - ADRIANE RIBEIRO RADIN
24/03/2025;468;172;92,8;;FGTS (Rescisão) folha normal 03/2025 col.:19 - ADRIANE RIBEIRO RADIN
24/03/2025;;171;27,18;;91205 - INSS 13° salário rescisão 03/2025 col.:19 - ADRIANE RIBEIRO RADIN
24/03/2025;;171;87;;91005 - INSS 03/2025 col.:19 - ADRIANE RIBEIRO RADIN
24/03/2025;171;;52;;95005 - Salário família 03/2025 col.:19 - ADRIANE RIBEIRO RADIN
24/03/2025;456;;290;;2005 - Atestado 03/2025 col.:19 - ADRIANE RIBEIRO RADIN
24/03/2025;;33;580;;903 - Adiantamento sem ded. IR 03/2025 col.:19 - ADRIANE RIBEIRO RADIN
24/03/2025;;456;69,6;;803 - Vale transporte 03/2025 col.:19 - ADRIANE RIBEIRO RADIN
24/03/2025;176;;362,5;;75005 - Rescisão 13° salário 03/2025 col.:19 - ADRIANE RIBEIRO RADIN
24/03/2025;177;;402,78;;71993 - Rescisão 1/3 férias proporcionais 03/2025 col.:19 - ADRIANE RIBEIRO RADIN
24/03/2025;177;;1.208,33;;71005 - Rescisão férias proporcionais 03/2025 col.:19 - ADRIANE RIBEIRO RADIN
24/03/2025;456;;870;;70005 - Saldo de salário rescisão 03/2025 col.:19 - ADRIANE RIBEIRO RADIN
24/03/2025;;162;2.421,83;;Líquido Folha normal 03/2025 col.:19 - ADRIANE RIBEIRO RADIN
31/03/2025;468;172;92,54;;FGTS folha normal 03/2025 col.:22 - IOLANDA AZEVEDO DUARTE
31/03/2025;;171;1.156,80;;89305 - Desconto situação acidente de trabalho 03/2025 col.:22 - IOLANDA AZEVEDO DUARTE
31/03/2025;171;;192,8;;83032 - Sit. acid. trabalho adic. insalubridade 03/2025 col.:22 - IOLANDA AZEVEDO DUARTE
31/03/2025;171;;964;;83005 - Situação acidente de trabalho 03/2025 col.:22 - IOLANDA AZEVEDO DUARTE
31/03/2025;468;172;116;;FGTS folha normal 03/2025 col.:21 - MONICA SULZBACHER
31/03/2025;;171;108,75;;91005 - INSS 03/2025 col.:21 - MONICA SULZBACHER
31/03/2025;171;;195;;95005 - Salário família 03/2025 col.:21 - MONICA SULZBACHER
31/03/2025;;33;580;;903 - Adiantamento sem ded. IR 03/2025 col.:21 - MONICA SULZBACHER
31/03/2025;;456;87;;803 - Vale transporte 03/2025 col.:21 - MONICA SULZBACHER
31/03/2025;456;;48,33;;743 - Faltas justificadas dia 03/2025 col.:21 - MONICA SULZBACHER
31/03/2025;456;;1.401,67;;5 - Salário mensalista 03/2025 col.:21 - MONICA SULZBACHER
31/03/2025;;160;869,25;;Líquido Folha normal 03/2025 col.:21 - MONICA SULZBACHER
31/03/2025;468;172;72,21;;FGTS folha normal 03/2025 col.:20 - ANDREIA CRISTINA SANTOS DE OLIVEIRA
31/03/2025;;171;67,69;;91005 - INSS 03/2025 col.:20 - ANDREIA CRISTINA SANTOS DE OLIVEIRA
31/03/2025;;33;361,06;;903 - Adiantamento sem ded. IR 03/2025 col.:20 - ANDREIA CRISTINA SANTOS DE OLIVEIRA
31/03/2025;;456;54,16;;803 - Vale transporte 03/2025 col.:20 - ANDREIA CRISTINA SANTOS DE OLIVEIRA
31/03/2025;456;;902,64;;5 - Salário mensalista 03/2025 col.:20 - ANDREIA CRISTINA SANTOS DE OLIVEIRA
31/03/2025;;160;419,73;;Líquido Folha normal 03/2025 col.:20 - ANDREIA CRISTINA SANTOS DE OLIVEIRA
31/03/2025;468;172;255,68;;FGTS folha normal 03/2025 col.:17 - GREICE MARIA DOS SANTOS MACHADO
31/03/2025;;184;27,91;;91505 - IR 03/2025 col.:17 - GREICE MARIA DOS SANTOS MACHADO
31/03/2025;;171;276,93;;91005 - INSS 03/2025 col.:17 - GREICE MARIA DOS SANTOS MACHADO
31/03/2025;;33;1.278,44;;903 - Adiantamento sem ded. IR 03/2025 col.:17 - GREICE MARIA DOS SANTOS MACHADO
31/03/2025;;456;191,77;;803 - Vale transporte 03/2025 col.:17 - GREICE MARIA DOS SANTOS MACHADO
31/03/2025;456;;3.196,11;;5 - Salário mensalista 03/2025 col.:17 - GREICE MARIA DOS SANTOS MACHADO
31/03/2025;;160;1.421,06;;Líquido Folha normal 03/2025 col.:17 - GREICE MARIA DOS SANTOS MACHADO
31/03/2025;468;172;72,21;;FGTS folha normal 03/2025 col.:16 - ROSANE RAMOS NUNES
31/03/2025;;171;67,69;;91005 - INSS 03/2025 col.:16 - ROSANE RAMOS NUNES
31/03/2025;;33;361,06;;903 - Adiantamento sem ded. IR 03/2025 col.:16 - ROSANE RAMOS NUNES
31/03/2025;456;;902,64;;5 - Salário mensalista 03/2025 col.:16 - ROSANE RAMOS NUNES
31/03/2025;;160;473,89;;Líquido Folha normal 03/2025 col.:16 - ROSANE RAMOS NUNES
31/03/2025;;171;1.156,80;;89105 - Desconto de situação auxílio doença 03/2025 col.:9 - TATIANE DA SILVA NUNES BARBOSA
31/03/2025;171;;192,8;;81032 - Sit. aux. doença adic. insalubridade 03/2025 col.:9 - TATIANE DA SILVA NUNES BARBOSA
31/03/2025;171;;964;;81005 - Situação auxílio doença 03/2025 col.:9 - TATIANE DA SILVA NUNES BARBOSA
31/03/2025;468;172;174;;FGTS folha normal 03/2025 col.:8 - SILVIA TARUEL RITTES TOLEDO
31/03/2025;;171;172,98;;91005 - INSS 03/2025 col.:8 - SILVIA TARUEL RITTES TOLEDO
31/03/2025;;33;870;;903 - Adiantamento sem ded. IR 03/2025 col.:8 - SILVIA TARUEL RITTES TOLEDO
31/03/2025;;456;130,5;;803 - Vale transporte 03/2025 col.:8 - SILVIA TARUEL RITTES TOLEDO
31/03/2025;456;;2.175,00;;5 - Salário mensalista 03/2025 col.:8 - SILVIA TARUEL RITTES TOLEDO
31/03/2025;;160;1.001,52;;Líquido Folha normal 03/2025 col.:8 - SILVIA TARUEL RITTES TOLEDO
31/03/2025;468;172;116;;FGTS folha normal 03/2025 col.:7 - MARIA ADRIANA SILVEIRA DA SILVA
31/03/2025;;171;108,75;;91005 - INSS 03/2025 col.:7 - MARIA ADRIANA SILVEIRA DA SILVA
31/03/2025;;33;580;;903 - Adiantamento sem ded. IR 03/2025 col.:7 - MARIA ADRIANA SILVEIRA DA SILVA
31/03/2025;456;;1.450,00;;5 - Salário mensalista 03/2025 col.:7 - MARIA ADRIANA SILVEIRA DA SILVA
31/03/2025;;160;761,25;;Líquido Folha normal 03/2025 col.:7 - MARIA ADRIANA SILVEIRA DA SILVA
31/03/2025;468;172;383,53;;FGTS Folha normal 03/2025 col.:1 - DENISE IENCZAK FERRI
31/03/2025;;184;288,84;;91505 - IR 03/2025 col.:1 - DENISE IENCZAK FERRI
31/03/2025;;171;480,76;;91005 - INSS 03/2025 col.:1 - DENISE IENCZAK FERRI
31/03/2025;;33;1.917,66;;903 - Adiantamento sem ded. IR 03/2025 col.:1 - DENISE IENCZAK FERRI
31/03/2025;456;;4.794,16;;5 - Salário mensalista 03/2025 col.:1 - DENISE IENCZAK FERRI
31/03/2025;;160;2.106,90;;Líquido Folha normal 03/2025 col.:1 - DENISE IENCZAK FERRI
31/03/2025;468;172;72,21;;FGTS folha normal 03/2025 col.:18 - ARLETE LEINDECKER OTTONI
31/03/2025;;171;67,69;;91005 - INSS 03/2025 col.:18 - ARLETE LEINDECKER OTTONI
31/03/2025;456;;30,09;;2005 - Atestado 03/2025 col.:18 - ARLETE LEINDECKER OTTONI
31/03/2025;;33;361,06;;903 - Adiantamento sem ded. IR 03/2025 col.:18 - ARLETE LEINDECKER OTTONI
31/03/2025;;456;54,16;;803 - Vale transporte 03/2025 col.:18 - ARLETE LEINDECKER OTTONI
31/03/2025;456;;872,55;;5 - Salário mensalista 03/2025 col.:18 - ARLETE LEINDECKER OTTONI
31/03/2025;;160;419,73;;Líquido Folha normal 03/2025 col.:18 - ARLETE LEINDECKER OTTONI
03/02/2025;617;793;20;;RIFA
03/02/2025;617;793;50;;RIFA
03/02/2025;617;793;20;;RIFA
03/02/2025;617;793;20;;RIFA
03/02/2025;465;617;195,6;;VALE TRANSPORTE
03/02/2025;465;617;195,6;;VALE TRANSPORTE
03/02/2025;617;793;20,29;;TROCO SOLIDÁRIO
03/02/2025;617;793;262,17;;TROCO SOLIDÁRIO
03/02/2025;617;793;71,33;;TROCO SOLIDÁRIO
03/02/2025;617;793;159,42;;TROCO SOLIDÁRIO
03/02/2025;617;793;730,29;;TROCO SOLIDÁRIO
03/02/2025;565;617;9;;DOC/TED INTERNET PJ
03/02/2025;617;786;50;;MENSALIDADE
03/02/2025;617;793;20;;RIFA
03/02/2025;615;776;1.350,00;;RESGATE AUTOMATICO
03/02/2025;565;615;12;;TARIFA DOC/TED
03/02/2025;565;615;12;;TARIFA DOC/TED
03/02/2025;565;615;12;;TARIFA DOC/TED
03/02/2025;565;615;12;;TARIFA DOC/TED
03/02/2025;465;615;326;;VALE TRANSPORTE
03/02/2025;465;615;326;;VALE TRANSPORTE
03/02/2025;465;615;324;;VALE TRANSPORTE
03/02/2025;465;615;324;;VALE TRANSPORTE
03/02/2025;801;802;250;;RESGATE AUTOMATICO
03/02/2025;565;801;12;;TARIFA DOC/TED
03/02/2025;465;801;259,2;;VALE TRANSPORTE
03/02/2025;5;786;50;;MENSALIDADE
03/02/2025;498;5;35,52;;ALIMENTAÇÃO
04/02/2025;617;793;10;;RIFA
04/02/2025;617;793;250;;RIFA
04/02/2025;617;793;40;;RIFA
04/02/2025;617;308;70;;DOAÇÕES
04/02/2025;617;793;10;;RIFA
04/02/2025;617;793;10;;RIFA
04/02/2025;617;793;50;;RIFA
04/02/2025;617;793;180;;RIFA
04/02/2025;617;793;30;;RIFA
04/02/2025;617;793;10;;RIFA
04/02/2025;617;793;50;;RIFA
04/02/2025;617;793;50;;RIFA
04/02/2025;801;802;100;;RESGATE AUTOMATICO
04/02/2025;565;801;65;;TARIFA MANUTENÇÃO CONTA
04/02/2025;565;7;67;;TARIFA MANUTENÇÃO DE CONTA
04/02/2025;7;12;67;;BB RENDE FÁCIL
05/02/2025;617;793;30;;RIFA
05/02/2025;617;793;100;;RIFA
05/02/2025;617;793;50;;RIFA
05/02/2025;617;793;50;;RIFA
05/02/2025;617;793;50;;RIFA
05/02/2025;617;793;90;;RIFA
05/02/2025;617;786;180;;MENSALIDADE
05/02/2025;617;793;100;;RIFA
05/02/2025;617;793;10;;RIFA
05/02/2025;160;617;419,73;;PAGAMENTO DE SALÁRIOS
05/02/2025;160;617;419,73;;PAGAMENTO DE SALÁRIOS
05/02/2025;160;617;571,31;;PAGAMENTO DE SALÁRIOS
05/02/2025;617;793;20;;RIFA
05/02/2025;617;793;10;;RIFA
05/02/2025;617;793;20;;RIFA
05/02/2025;617;793;10;;RIFA
05/02/2025;617;793;10;;RIFA
05/02/2025;565;617;9;;DOC/TED INTERNET PJ
05/02/2025;565;617;9;;DOC/TED INTERNET PJ
05/02/2025;565;617;9;;DOC/TED INTERNET PJ
05/02/2025;617;793;10;;RIFA
05/02/2025;617;793;10;;RIFA
05/02/2025;617;793;20;;RIFA
05/02/2025;617;793;50;;RIFA
05/02/2025;617;793;60;;RIFA
05/02/2025;615;776;5.250,00;;RESGATE AUTOMATICO
05/02/2025;565;615;12;;TARIFA DOC/TED
05/02/2025;565;615;12;;TARIFA DOC/TED
05/02/2025;565;615;12;;TARIFA DOC/TED
05/02/2025;565;615;12;;TARIFA DOC/TED
05/02/2025;565;615;12;;TARIFA DOC/TED
05/02/2025;565;615;12;;TARIFA DOC/TED
05/02/2025;160;615;1.612,25;;PAGAMENTO DE SALÁRIOS
05/02/2025;160;615;1.421,06;;PAGAMENTO DE SALÁRIOS
05/02/2025;160;615;869,25;;PAGAMENTO DE SALÁRIOS
05/02/2025;160;615;539,25;;PAGAMENTO DE SALÁRIOS
05/02/2025;160;615;387,03;;PAGAMENTO DE SALÁRIOS
05/02/2025;160;615;336,29;;PAGAMENTO DE SALÁRIOS
05/02/2025;801;802;750;;RESGATE AUTOMATICO
05/02/2025;475;801;499,4;;CEEE
05/02/2025;565;801;12;;TARIFA DOC/TED
05/02/2025;160;801;255,74;;PAGAMENTO DE SALÁRIOS
05/02/2025;5;786;60;;MENSALIDADE
05/02/2025;682;5;39,9;;FARMÁCIA
06/02/2025;617;793;20;;RIFA
06/02/2025;617;793;40;;RIFA
06/02/2025;617;793;30;;RIFA
06/02/2025;617;793;100;;RIFA
07/02/2025;617;793;100;;RIFA
07/02/2025;617;793;100;;RIFA
07/02/2025;480;617;500;;GRAFICA
07/02/2025;617;793;20;;RIFA
07/02/2025;617;793;10;;RIFA
07/02/2025;617;793;20;;RIFA
07/02/2025;617;793;10;;RIFA
07/02/2025;617;793;40;;RIFA
07/02/2025;498;810;472,78;;ALIMENTAÇÃO
07/02/2025;565;810;4,68;;TAR. AGRUPADAS
07/02/2025;5;786;70;;MENSALIDADE
07/02/2025;5;786;50;;MENSALIDADE
10/02/2025;617;793;10;;RIFA
10/02/2025;617;793;10;;RIFA
10/02/2025;617;793;20;;RIFA
10/02/2025;617;793;20;;RIFA
10/02/2025;617;793;10;;RIFA
10/02/2025;617;793;836,46;;TROCO SOLIDÁRIO
10/02/2025;617;793;10;;RIFA
10/02/2025;617;793;0,75;;TROCO SOLIDÁRIO
10/02/2025;617;793;1,01;;TROCO SOLIDÁRIO
10/02/2025;617;793;1,58;;TROCO SOLIDÁRIO
10/02/2025;617;793;0,6;;TROCO SOLIDÁRIO
10/02/2025;565;617;29;;CESTA DE RELACIONAMENTO
10/02/2025;617;793;1;;TROCO SOLIDÁRIO
10/02/2025;617;793;0,06;;TROCO SOLIDÁRIO
10/02/2025;617;793;0,37;;TROCO SOLIDÁRIO
10/02/2025;617;793;0,78;;TROCO SOLIDÁRIO
10/02/2025;617;793;1;;TROCO SOLIDÁRIO
10/02/2025;617;793;2,3;;TROCO SOLIDÁRIO
10/02/2025;617;793;1,85;;TROCO SOLIDÁRIO
10/02/2025;617;793;2,39;;TROCO SOLIDÁRIO
10/02/2025;617;793;0,94;;TROCO SOLIDÁRIO
10/02/2025;617;793;0,38;;TROCO SOLIDÁRIO
10/02/2025;617;793;2,17;;TROCO SOLIDÁRIO
10/02/2025;617;793;1.023,30;;TROCO SOLIDÁRIO
10/02/2025;480;617;180;;TONNER
10/02/2025;801;802;200;;RESGATE AUTOMATICO
10/02/2025;714;801;178,82;;L E G SEGURANÇA
10/02/2025;5;793;1.000,00;;CORRIDA
12/02/2025;617;793;250;;RIFA
12/02/2025;481;5;40;;MATERIAL DE CONTRUÇÃO
13/02/2025;617;793;20;;RIFA
13/02/2025;617;793;10;;RIFA
13/02/2025;617;793;110;;BRECHÓ
13/02/2025;615;776;1.700,00;;RESGATE AUTOMATICO
13/02/2025;565;615;12;;TARIFA DOC/TED
13/02/2025;489;615;1.675,00;;PGTO SERVIÇOS DE TERCEIROS PESSOA JURIDICA
13/02/2025;498;810;220,68;;ALIMENTAÇÃO
13/02/2025;565;810;2,18;;TAR. AGRUPADAS
14/02/2025;83;617;500;;ACORDO TRABALHISTA
14/02/2025;83;617;500;;ACORDO TRABALHISTA
14/02/2025;83;617;500;;ACORDO TRABALHISTA
14/02/2025;83;617;500;;ACORDO TRABALHISTA
14/02/2025;83;617;500;;ACORDO TRABALHISTA
14/02/2025;83;617;500;;ACORDO TRABALHISTA
14/02/2025;83;617;500;;ACORDO TRABALHISTA
14/02/2025;83;617;500;;ACORDO TRABALHISTA
14/02/2025;565;617;9;;DOC/TED INTERNET PJ
14/02/2025;565;617;9;;DOC/TED INTERNET PJ
14/02/2025;565;617;9;;DOC/TED INTERNET PJ
14/02/2025;565;617;9;;DOC/TED INTERNET PJ
14/02/2025;565;617;9;;DOC/TED INTERNET PJ
14/02/2025;565;617;9;;DOC/TED INTERNET PJ
18/02/2025;617;793;10;;RIFA
18/02/2025;807;617;129,99;;VIVO
19/02/2025;617;793;50;;RIFA
20/02/2025;160;617;361,06;;ADIANTAMENTO SALARIAL
20/02/2025;160;617;361,06;;ADIANTAMENTO SALARIAL
20/02/2025;160;617;1.203,51;;ADIANTAMENTO SALARIAL
20/02/2025;160;617;439,22;;ADIANTAMENTO SALARIAL
20/02/2025;160;617;252,74;;ADIANTAMENTO SALARIAL
20/02/2025;171;617;1.678,23;;INSS
20/02/2025;617;793;20;;RIFA
20/02/2025;565;617;9;;DOC/TED INTERNET PJ
20/02/2025;565;617;9;;DOC/TED INTERNET PJ
20/02/2025;565;617;9;;DOC/TED INTERNET PJ
20/02/2025;565;617;9;;DOC/TED INTERNET PJ
20/02/2025;565;617;9;;DOC/TED INTERNET PJ
20/02/2025;615;776;8.400,00;;RESGATE AUTOMATICO
20/02/2025;489;615;645;;PGTO SERVIÇOS DE TERCEIROS PESSOA JURIDICA
20/02/2025;565;615;3,3;;TARIFA DOC/TED
20/02/2025;565;615;3,3;;TARIFA DOC/TED
20/02/2025;565;615;3,3;;TARIFA DOC/TED
20/02/2025;565;615;3,3;;TARIFA DOC/TED
20/02/2025;565;615;3,3;;TARIFA DOC/TED
20/02/2025;565;615;3,3;;TARIFA DOC/TED
20/02/2025;160;615;1.917,66;;PAGAMENTO DE SALÁRIOS
20/02/2025;160;615;1.278,44;;PAGAMENTO DE SALÁRIOS
20/02/2025;160;615;870;;PAGAMENTO DE SALÁRIOS
20/02/2025;160;615;580;;PAGAMENTO DE SALÁRIOS
20/02/2025;160;615;580;;PAGAMENTO DE SALÁRIOS
20/02/2025;160;615;580;;PAGAMENTO DE SALÁRIOS
20/02/2025;172;615;1.929,99;;FGTS
21/02/2025;474;617;158,14;;CORSAN
24/02/2025;617;793;10;;RIFA
24/02/2025;617;793;10;;RIFA
24/02/2025;617;793;10;;RIFA
24/02/2025;465;617;128,7;;VALE TRANSPORTE
24/02/2025;565;617;9;;DOC/TED INTERNET PJ
24/02/2025;617;793;40;;RIFA
24/02/2025;498;810;384,78;;ALIMENTAÇÃO
24/02/2025;498;810;925,33;;ALIMENTAÇÃO
24/02/2025;565;810;12,96;;TAR. AGRUPADAS
25/02/2025;617;793;100;;RIFA
25/02/2025;617;793;100;;RIFA
25/02/2025;5;786;50;;MENSALIDADE
26/02/2025;617;786;30;;MENSALIDADE
26/02/2025;801;617;2.631,49;;DEVOLUÇÃO PJ ADOLFO BRITO
26/02/2025;617;793;10;;RIFA
26/02/2025;565;617;9;;DOC/TED INTERNET PJ
26/02/2025;802;801;2.675,99;;APLICAÇÃO AUTOMATICA
27/02/2025;480;617;500;;GRAFICA
27/02/2025;617;793;10;;RIFA
27/02/2025;617;793;250;;RIFA
27/02/2025;617;793;10;;RIFA
27/02/2025;801;802;17.389,75;;RESGATE AUTOMATICO
27/02/2025;795;801;17.385,94;;REEMBOLSO PROJETO ADOLFO BRITO, TERMO DE PARCERIA 1573/2023
27/02/2025;480;5;22,98;;MATERIAL DE ESCRITÓRIO
28/02/2025;617;793;250;;RIFA
28/02/2025;5;793;30;;VENDA ARTESANATO
28/02/2025;5;793;50;;CAMISETAS
28/02/2025;5;793;110;;BRECHÓ
15/03/2025;33;160;580;;Líquido Adiantamento salário 03/2025 col.:21 - MONICA SULZBACHER
15/03/2025;33;160;361,06;;Líquido Adiantamento salário 03/2025 col.:20 - ANDREIA CRISTINA SANTOS DE OLIVEIRA
15/03/2025;33;160;580;;Líquido Adiantamento salário 03/2025 col.:19 - ADRIANE RIBEIRO RADIN
15/03/2025;33;160;361,06;;Líquido Adiantamento salário 03/2025 col.:18 - ARLETE LEINDECKER OTTONI
15/03/2025;33;160;1.278,44;;Líquido Adiantamento salário 03/2025 col.:17 - GREICE MARIA DOS SANTOS MACHADO
15/03/2025;33;160;361,06;;Líquido Adiantamento salário 03/2025 col.:16 - ROSANE RAMOS NUNES
15/03/2025;33;160;1.203,51;;Líquido Adiantamento salário 03/2025 col.:14 - LAURO TEIXEIRA RODH
15/03/2025;33;160;439,22;;Líquido Adiantamento salário 03/2025 col.:12 - ANA CLAUDIA DOS SANTOS PINTO
15/03/2025;33;160;870;;Líquido Adiantamento salário 03/2025 col.:8 - SILVIA TARUEL RITTES TOLEDO
15/03/2025;33;160;580;;Líquido Adiantamento salário 03/2025 col.:7 - MARIA ADRIANA SILVEIRA DA SILVA
15/03/2025;33;160;1.917,66;;Líquido Adiantamento salário 03/2025 col.:1 - DENISE IENCZAK FERRI
02/01/2025;565;801;12;;TARIFA DOC/TED
02/01/2025;160;801;470,5;;PAGAMENTO DE SALÁRIOS
02/01/2025;615;776;8.000,00;;RESGATE AUTOMATICO
02/01/2025;565;615;12;;TARIFA DOC/TED
02/01/2025;565;615;12;;TARIFA DOC/TED
02/01/2025;565;615;12;;TARIFA DOC/TED
02/01/2025;565;615;12;;TARIFA DOC/TED
02/01/2025;565;615;12;;TARIFA DOC/TED
02/01/2025;565;615;12;;TARIFA DOC/TED
02/01/2025;565;615;12;;TARIFA DOC/TED
02/01/2025;160;615;1.753,20;;PAGAMENTO DE SALÁRIOS
02/01/2025;489;615;1.675,00;;PGTO SERVIÇOS DE TERCEIROS PESSOA JURIDICA
02/01/2025;160;615;1.415,64;;PAGAMENTO DE SALÁRIOS
02/01/2025;160;615;871,4;;PAGAMENTO DE SALÁRIOS
02/01/2025;160;615;795,48;;PAGAMENTO DE SALÁRIOS
02/01/2025;160;615;735,72;;PAGAMENTO DE SALÁRIOS
02/01/2025;160;615;669,02;;PAGAMENTO DE SALÁRIOS
02/01/2025;160;7;337,84;;PAGAMENTO DE SALÁRIOS
02/01/2025;160;7;1.220,44;;PAGAMENTO DE SALÁRIOS
02/01/2025;160;7;419,73;;PAGAMENTO DE SALÁRIOS
02/01/2025;565;7;12,3;;TARIFA DOC/TED
02/01/2025;7;12;1.990,31;;BB RENDE FACIL
02/01/2025;801;802;450;;RESGATE AUTOMATICO
03/01/2025;801;802;100;;RESGATE AUTOMATICO
03/01/2025;565;801;65;;TARIFA MANUTENÇÃO CONTA
03/01/2025;565;7;67;;TARIFA MANUTENÇÃO CONTA
03/01/2025;565;7;1,5;;TARIFA TRANSF RECURSO-E/I
03/01/2025;565;7;1,5;;TARIFA TRANSF RECURSO-E/I
03/01/2025;7;12;70;;BB RENDE FACIL
03/01/2025;617;793;113,43;;TROCO SOLIDÁRIO
03/01/2025;617;793;309,33;;TROCO SOLIDÁRIO
03/01/2025;617;793;63,2;;TROCO SOLIDÁRIO
03/01/2025;617;793;283,93;;TROCO SOLIDÁRIO
03/01/2025;617;793;692,48;;TROCO SOLIDÁRIO
06/01/2025;801;802;500;;RESGATE AUTOMATICO
06/01/2025;475;801;531,94;;CEEE
06/01/2025;617;793;70;;DOAÇÕES
06/01/2025;617;786;50;;MENSALIDADE
07/01/2025;615;776;900;;RESGATE AUTOMATICO
07/01/2025;565;615;12;;TARIFA DOC/TED
07/01/2025;565;615;12;;TARIFA DOC/TED
07/01/2025;565;615;12;;TARIFA DOC/TED
07/01/2025;465;615;286;;VALE TRANSPORTE
07/01/2025;465;615;284;;VALE TRANSPORTE
07/01/2025;465;615;284;;VALE TRANSPORTE
07/01/2025;465;617;171,6;;VALE TRANSPORTE
07/01/2025;465;617;171,6;;VALE TRANSPORTE
07/01/2025;565;617;9;;DOC/TED INTERNET PJ
07/01/2025;479;5;100;;MATERIAL DE LIMPEZA
07/01/2025;481;5;64;;AGROPECUARIA
09/01/2025;617;793;1.197,36;;TROCO SOLIDÁRIO
10/01/2025;801;802;300;;RESGATE AUTOMATICO
10/01/2025;714;801;167,85;;L E G SEGURANÇA
10/01/2025;807;801;129,49;;VIVO
10/01/2025;565;617;29;;CESTA DE RELACIONAMENTO
10/01/2025;480;617;180;;TONNER
10/01/2025;617;793;1.194,84;;TROCO SOLIDÁRIO
10/01/2025;617;793;6,76;;TROCO SOLIDÁRIO
10/01/2025;617;793;1,02;;TROCO SOLIDÁRIO
10/01/2025;617;793;1,34;;TROCO SOLIDÁRIO
10/01/2025;617;793;1,79;;TROCO SOLIDÁRIO
10/01/2025;617;793;3,48;;TROCO SOLIDÁRIO
10/01/2025;617;793;7,03;;TROCO SOLIDÁRIO
10/01/2025;617;793;1,57;;TROCO SOLIDÁRIO
10/01/2025;617;793;0,68;;TROCO SOLIDÁRIO
10/01/2025;617;793;0,5;;TROCO SOLIDÁRIO
10/01/2025;617;793;2,16;;TROCO SOLIDÁRIO
10/01/2025;617;793;3,95;;TROCO SOLIDÁRIO
10/01/2025;617;793;4,55;;TROCO SOLIDÁRIO
10/01/2025;617;793;0,84;;TROCO SOLIDÁRIO
10/01/2025;617;793;1,42;;TROCO SOLIDÁRIO
10/01/2025;617;793;0,11;;TROCO SOLIDÁRIO
10/01/2025;617;793;0,1;;TROCO SOLIDÁRIO
10/01/2025;617;793;0,06;;TROCO SOLIDÁRIO
10/01/2025;617;793;0,14;;TROCO SOLIDÁRIO
10/01/2025;617;793;2,08;;TROCO SOLIDÁRIO
10/01/2025;617;793;2,79;;TROCO SOLIDÁRIO
10/01/2025;617;793;1,23;;TROCO SOLIDÁRIO
10/01/2025;5;793;4.000,00;;DEVOLUÇÃO PROJETO FORUM
10/01/2025;5;793;43,6;;TROCO SOLIDÁRIO
14/01/2025;83;617;500;;ACORDO TRABALHISTA
14/01/2025;83;617;500;;ACORDO TRABALHISTA
14/01/2025;83;617;500;;ACORDO TRABALHISTA
14/01/2025;83;617;500;;ACORDO TRABALHISTA
14/01/2025;83;617;500;;ACORDO TRABALHISTA
14/01/2025;83;617;500;;ACORDO TRABALHISTA
14/01/2025;83;617;500;;ACORDO TRABALHISTA
14/01/2025;83;617;500;;ACORDO TRABALHISTA
14/01/2025;565;617;9;;DOC/TED INTERNET PJ
14/01/2025;565;617;9;;DOC/TED INTERNET PJ
14/01/2025;565;617;9;;DOC/TED INTERNET PJ
14/01/2025;565;617;9;;DOC/TED INTERNET PJ
14/01/2025;565;617;9;;DOC/TED INTERNET PJ
14/01/2025;565;617;9;;DOC/TED INTERNET PJ
14/01/2025;480;5;139,6;;MATERIAL DE ESCRITÓRIO
16/01/2025;617;793;250;;PATROCINIO
17/01/2025;801;802;150;;RESGATE AUTOMATICO
17/01/2025;474;801;138,32;;CORSAN
17/01/2025;615;776;6.950,00;;RESGATE AUTOMATICO
17/01/2025;489;615;600;;PGTO SERVIÇOS DE TERCEIROS PESSOA JURIDICA
17/01/2025;565;615;12;;TARIFA DOC/TED
17/01/2025;565;615;12;;TARIFA DOC/TED
17/01/2025;565;615;12;;TARIFA DOC/TED
17/01/2025;565;615;12;;TARIFA DOC/TED
17/01/2025;160;615;1.342,36;;PAGAMENTO DE SALÁRIOS
17/01/2025;160;615;1.278,44;;PAGAMENTO DE SALÁRIOS
17/01/2025;160;615;580;;PAGAMENTO DE SALÁRIOS
17/01/2025;160;615;580;;PAGAMENTO DE SALÁRIOS
17/01/2025;172;615;2.540,26;;FGTS
17/01/2025;160;617;361,06;;PAGAMENTO DE SALÁRIOS
17/01/2025;5;617;2.079,55;;INSS
17/01/2025;160;617;361,06;;PAGAMENTO DE SALÁRIOS
17/01/2025;565;617;9;;DOC/TED INTERNET PJ
17/01/2025;565;617;9;;DOC/TED INTERNET PJ
17/01/2025;501;5;50;;COMBUSTIVEL
20/01/2025;617;793;161,93;;TROCO SOLIDÁRIO
20/01/2025;617;786;180;;MENSALIDADE
20/01/2025;617;793;350;;PATR/CAM
20/01/2025;479;5;52,43;;MATERIAL DE LIMPEZA
20/01/2025;5;793;3.325,00;;PATR/CAM
22/01/2025;617;5;3.000,00;;DEP DINHEIRO CAIXA AG
22/01/2025;617;5;2.000,00;;DEP DINHEIRO CAIXA AG
22/01/2025;617;5;2.000,00;;DEP DINHEIRO CAIXA AG
22/01/2025;617;5;3.400,00;;DEP CHEQUE
22/01/2025;617;793;140;;RIFA
27/01/2025;615;776;100;;RESGATE AUTOMATICO
27/01/2025;565;615;12;;TARIFA DOC/TED
27/01/2025;465;615;71,5;;VALE TRANSPORTE
29/01/2025;615;776;200;;RESGATE AUTOMATICO
29/01/2025;565;615;12;;TARIFA DOC/TED
29/01/2025;456;615;200;;PAGAMENTO DE SALÁRIOS
29/01/2025;481;5;50;;MANUTENÇÃO E CONSERVAÇÃO
30/01/2025;617;793;50;;RIFA
30/01/2025;617;793;30;;RIFA
30/01/2025;617;793;40;;RIFA
30/01/2025;617;793;20;;RIFA
30/01/2025;617;793;10;;RIFA
30/01/2025;617;793;10;;RIFA
30/01/2025;617;98;169,9;;DEVOLUÇÃO
30/01/2025;617;793;30;;RIFA
30/01/2025;617;793;20;;RIFA
31/01/2025;617;793;250;;PATROCINIO
31/01/2025;617;793;30;;PATROCINIO
31/01/2025;617;793;20;;PATROCINIO
31/01/2025;617;793;30;;PATROCINIO
31/01/2025;617;793;30;;PATROCINIO
31/01/2025;617;793;10;;PATROCINIO
28/02/2025;468;172;69,8;;FGTS folha normal 02/2025 col.:18 - ARLETE LEINDECKER OTTONI
28/02/2025;;171;65,44;;91005 - INSS 02/2025 col.:18 - ARLETE LEINDECKER OTTONI
28/02/2025;;33;361,06;;903 - Adiantamento sem ded. IR 02/2025 col.:18 - ARLETE LEINDECKER OTTONI
28/02/2025;;456;54,16;;803 - Vale transporte 02/2025 col.:18 - ARLETE LEINDECKER OTTONI
28/02/2025;;456;30,08;;703 - Faltas não justificadas dias 02/2025 col.:18 - ARLETE LEINDECKER OTTONI
28/02/2025;456;;902,64;;5 - Salário mensalista 02/2025 col.:18 - ARLETE LEINDECKER OTTONI
28/02/2025;;160;391,9;;Líquido Folha normal 02/2025 col.:18 - ARLETE LEINDECKER OTTONI
28/02/2025;468;172;92,54;;FGTS folha normal 02/2025 col.:22 - IOLANDA AZEVEDO DUARTE
28/02/2025;;171;1.156,80;;89305 - Desconto situação acidente de trabalho 02/2025 col.:22 - IOLANDA AZEVEDO DUARTE
28/02/2025;171;;192,8;;83032 - Sit. acid. trabalho adic. insalubridade 02/2025 col.:22 - IOLANDA AZEVEDO DUARTE
28/02/2025;171;;964;;83005 - Situação acidente de trabalho 02/2025 col.:22 - IOLANDA AZEVEDO DUARTE
28/02/2025;468;172;116;;FGTS folha normal 02/2025 col.:21 - MONICA SULZBACHER
28/02/2025;;171;108,75;;91005 - INSS 02/2025 col.:21 - MONICA SULZBACHER
28/02/2025;171;;195;;95005 - Salário família 02/2025 col.:21 - MONICA SULZBACHER
28/02/2025;;33;580;;903 - Adiantamento sem ded. IR 02/2025 col.:21 - MONICA SULZBACHER
28/02/2025;;456;87;;803 - Vale transporte 02/2025 col.:21 - MONICA SULZBACHER
28/02/2025;456;;1.450,00;;5 - Salário mensalista 02/2025 col.:21 - MONICA SULZBACHER
28/02/2025;;160;869,25;;Líquido Folha normal 02/2025 col.:21 - MONICA SULZBACHER
28/02/2025;468;172;72,21;;FGTS folha normal 02/2025 col.:20 - ANDREIA CRISTINA SANTOS DE OLIVEIRA
28/02/2025;;171;67,69;;91005 - INSS 02/2025 col.:20 - ANDREIA CRISTINA SANTOS DE OLIVEIRA
28/02/2025;;33;361,06;;903 - Adiantamento sem ded. IR 02/2025 col.:20 - ANDREIA CRISTINA SANTOS DE OLIVEIRA
28/02/2025;;456;54,16;;803 - Vale transporte 02/2025 col.:20 - ANDREIA CRISTINA SANTOS DE OLIVEIRA
28/02/2025;456;;902,64;;5 - Salário mensalista 02/2025 col.:20 - ANDREIA CRISTINA SANTOS DE OLIVEIRA
28/02/2025;;160;419,73;;Líquido Folha normal 02/2025 col.:20 - ANDREIA CRISTINA SANTOS DE OLIVEIRA
28/02/2025;468;172;115,99;;FGTS folha normal 02/2025 col.:19 - ADRIANE RIBEIRO RADIN
28/02/2025;;171;108,74;;91005 - INSS 02/2025 col.:19 - ADRIANE RIBEIRO RADIN
28/02/2025;171;;65;;95005 - Salário família 02/2025 col.:19 - ADRIANE RIBEIRO RADIN
28/02/2025;456;;48,33;;2005 - Atestado 02/2025 col.:19 - ADRIANE RIBEIRO RADIN
28/02/2025;;33;580;;903 - Adiantamento sem ded. IR 02/2025 col.:19 - ADRIANE RIBEIRO RADIN
28/02/2025;;456;87;;803 - Vale transporte 02/2025 col.:19 - ADRIANE RIBEIRO RADIN
28/02/2025;456;;48,33;;743 - Faltas justificadas dia 02/2025 col.:19 - ADRIANE RIBEIRO RADIN
28/02/2025;456;;1.353,33;;5 - Salário mensalista 02/2025 col.:19 - ADRIANE RIBEIRO RADIN
28/02/2025;;160;739,25;;Líquido Folha normal 02/2025 col.:19 - ADRIANE RIBEIRO RADIN
28/02/2025;468;172;255,68;;FGTS folha normal 02/2025 col.:17 - GREICE MARIA DOS SANTOS MACHADO
28/02/2025;;184;27,91;;91505 - IR 02/2025 col.:17 - GREICE MARIA DOS SANTOS MACHADO
28/02/2025;;171;276,93;;91005 - INSS 02/2025 col.:17 - GREICE MARIA DOS SANTOS MACHADO
28/02/2025;;33;1.278,44;;903 - Adiantamento sem ded. IR 02/2025 col.:17 - GREICE MARIA DOS SANTOS MACHADO
28/02/2025;;456;191,77;;803 - Vale transporte 02/2025 col.:17 - GREICE MARIA DOS SANTOS MACHADO
28/02/2025;456;;3.196,11;;5 - Salário mensalista 02/2025 col.:17 - GREICE MARIA DOS SANTOS MACHADO
28/02/2025;;160;1.421,06;;Líquido Folha normal 02/2025 col.:17 - GREICE MARIA DOS SANTOS MACHADO
28/02/2025;468;172;50,54;;FGTS folha normal 02/2025 col.:16 - ROSANE RAMOS NUNES
28/02/2025;;171;270,79;;89105 - Desconto de situação auxílio doença 02/2025 col.:16 - ROSANE RAMOS NUNES
28/02/2025;;171;47,38;;91005 - INSS 02/2025 col.:16 - ROSANE RAMOS NUNES
28/02/2025;456;;30,09;;2005 - Atestado 02/2025 col.:16 - ROSANE RAMOS NUNES
28/02/2025;;33;252,74;;903 - Adiantamento sem ded. IR 02/2025 col.:16 - ROSANE RAMOS NUNES
28/02/2025;171;;270,79;;81005 - Situação auxílio doença 02/2025 col.:16 - ROSANE RAMOS NUNES
28/02/2025;456;;601,76;;5 - Salário mensalista 02/2025 col.:16 - ROSANE RAMOS NUNES
28/02/2025;;160;331,73;;Líquido Folha normal 02/2025 col.:16 - ROSANE RAMOS NUNES
28/02/2025;468;172;240,7;;FGTS folha normal 02/2025 col.:14 - LAURO TEIXEIRA RODH
28/02/2025;;184;13,86;;91505 - IR 02/2025 col.:14 - LAURO TEIXEIRA RODH
28/02/2025;;171;254,45;;91005 - INSS 02/2025 col.:14 - LAURO TEIXEIRA RODH
28/02/2025;;33;1.203,51;;903 - Adiantamento sem ded. IR 02/2025 col.:14 - LAURO TEIXEIRA RODH
28/02/2025;456;;3.008,78;;5 - Salário mensalista 02/2025 col.:14 - LAURO TEIXEIRA RODH
28/02/2025;;160;1.536,96;;Líquido Folha normal 02/2025 col.:14 - LAURO TEIXEIRA RODH
28/02/2025;468;172;87,84;;FGTS folha normal 02/2025 col.:12 - ANA CLAUDIA DOS SANTOS PINTO
28/02/2025;;171;82,35;;91005 - INSS 02/2025 col.:12 - ANA CLAUDIA DOS SANTOS PINTO
28/02/2025;171;;65;;95005 - Salário família 02/2025 col.:12 - ANA CLAUDIA DOS SANTOS PINTO
28/02/2025;;33;439,22;;903 - Adiantamento sem ded. IR 02/2025 col.:12 - ANA CLAUDIA DOS SANTOS PINTO
28/02/2025;;456;65,88;;803 - Vale transporte 02/2025 col.:12 - ANA CLAUDIA DOS SANTOS PINTO
28/02/2025;456;;1.098,04;;5 - Salário mensalista 02/2025 col.:12 - ANA CLAUDIA DOS SANTOS PINTO
28/02/2025;;160;575,59;;Líquido Folha normal 02/2025 col.:12 - ANA CLAUDIA DOS SANTOS PINTO
28/02/2025;;171;1.156,80;;89105 - Desconto de situação auxílio doença 02/2025 col.:9 - TATIANE DA SILVA NUNES BARBOSA
28/02/2025;171;;192,8;;81032 - Sit. aux. doença adic. insalubridade 02/2025 col.:9 - TATIANE DA SILVA NUNES BARBOSA
28/02/2025;171;;964;;81005 - Situação auxílio doença 02/2025 col.:9 - TATIANE DA SILVA NUNES BARBOSA
28/02/2025;468;172;174;;FGTS folha normal 02/2025 col.:8 - SILVIA TARUEL RITTES TOLEDO
28/02/2025;;171;172,98;;91005 - INSS 02/2025 col.:8 - SILVIA TARUEL RITTES TOLEDO
28/02/2025;;33;870;;903 - Adiantamento sem ded. IR 02/2025 col.:8 - SILVIA TARUEL RITTES TOLEDO
28/02/2025;;456;130,5;;803 - Vale transporte 02/2025 col.:8 - SILVIA TARUEL RITTES TOLEDO
28/02/2025;456;;2.175,00;;5 - Salário mensalista 02/2025 col.:8 - SILVIA TARUEL RITTES TOLEDO
28/02/2025;;160;1.001,52;;Líquido Folha normal 02/2025 col.:8 - SILVIA TARUEL RITTES TOLEDO
28/02/2025;468;172;116;;FGTS folha normal 02/2025 col.:7 - MARIA ADRIANA SILVEIRA DA SILVA
28/02/2025;;171;108,75;;91005 - INSS 02/2025 col.:7 - MARIA ADRIANA SILVEIRA DA SILVA
28/02/2025;;33;580;;903 - Adiantamento sem ded. IR 02/2025 col.:7 - MARIA ADRIANA SILVEIRA DA SILVA
28/02/2025;456;;1.450,00;;5 - Salário mensalista 02/2025 col.:7 - MARIA ADRIANA SILVEIRA DA SILVA
28/02/2025;;160;761,25;;Líquido Folha normal 02/2025 col.:7 - MARIA ADRIANA SILVEIRA DA SILVA
28/02/2025;468;172;383,53;;FGTS Folha normal 02/2025 col.:1 - DENISE IENCZAK FERRI
28/02/2025;;184;288,84;;91505 - IR 02/2025 col.:1 - DENISE IENCZAK FERRI
28/02/2025;;171;480,76;;91005 - INSS 02/2025 col.:1 - DENISE IENCZAK FERRI
28/02/2025;;33;1.917,66;;903 - Adiantamento sem ded. IR 02/2025 col.:1 - DENISE IENCZAK FERRI
28/02/2025;456;;4.794,16;;5 - Salário mensalista 02/2025 col.:1 - DENISE IENCZAK FERRI
28/02/2025;;160;2.106,90;;Líquido Folha normal 02/2025 col.:1 - DENISE IENCZAK FERRI
15/02/2025;33;160;252,74;;Líquido Adiantamento salário 02/2025 col.:16 - ROSANE RAMOS NUNES
15/02/2025;33;160;580;;Líquido Adiantamento salário 02/2025 col.:21 - MONICA SULZBACHER
15/02/2025;33;160;361,06;;Líquido Adiantamento salário 02/2025 col.:20 - ANDREIA CRISTINA SANTOS DE OLIVEIRA
15/02/2025;33;160;580;;Líquido Adiantamento salário 02/2025 col.:19 - ADRIANE RIBEIRO RADIN
15/02/2025;33;160;361,06;;Líquido Adiantamento salário 02/2025 col.:18 - ARLETE LEINDECKER OTTONI
15/02/2025;33;160;1.278,44;;Líquido Adiantamento salário 02/2025 col.:17 - GREICE MARIA DOS SANTOS MACHADO
15/02/2025;33;160;1.203,51;;Líquido Adiantamento salário 02/2025 col.:14 - LAURO TEIXEIRA RODH
15/02/2025;33;160;439,22;;Líquido Adiantamento salário 02/2025 col.:12 - ANA CLAUDIA DOS SANTOS PINTO
15/02/2025;33;160;870;;Líquido Adiantamento salário 02/2025 col.:8 - SILVIA TARUEL RITTES TOLEDO
15/02/2025;33;160;580;;Líquido Adiantamento salário 02/2025 col.:7 - MARIA ADRIANA SILVEIRA DA SILVA
15/02/2025;33;160;1.917,66;;Líquido Adiantamento salário 02/2025 col.:1 - DENISE IENCZAK FERRI
31/01/2025;468;172;92,54;;FGTS folha normal 01/2025 col.:22 - IOLANDA AZEVEDO DUARTE
31/01/2025;;171;1.156,80;;89305 - Desconto situação acidente de trabalho 01/2025 col.:22 - IOLANDA AZEVEDO DUARTE
31/01/2025;171;;192,8;;83032 - Sit. acid. trabalho adic. insalubridade 01/2025 col.:22 - IOLANDA AZEVEDO DUARTE
31/01/2025;171;;964;;83005 - Situação acidente de trabalho 01/2025 col.:22 - IOLANDA AZEVEDO DUARTE
31/01/2025;468;172;116;;FGTS folha normal 01/2025 col.:21 - MONICA SULZBACHER
31/01/2025;;171;108,75;;91005 - INSS 01/2025 col.:21 - MONICA SULZBACHER
31/01/2025;171;;195;;95005 - Salário família 01/2025 col.:21 - MONICA SULZBACHER
31/01/2025;;33;580;;903 - Adiantamento sem ded. IR 01/2025 col.:21 - MONICA SULZBACHER
31/01/2025;;456;87;;803 - Vale transporte 01/2025 col.:21 - MONICA SULZBACHER
31/01/2025;456;;1.450,00;;5 - Salário mensalista 01/2025 col.:21 - MONICA SULZBACHER
31/01/2025;;160;869,25;;Líquido Folha normal 01/2025 col.:21 - MONICA SULZBACHER
31/01/2025;468;172;72,21;;FGTS folha normal 01/2025 col.:20 - ANDREIA CRISTINA SANTOS DE OLIVEIRA
31/01/2025;;171;67,69;;91005 - INSS 01/2025 col.:20 - ANDREIA CRISTINA SANTOS DE OLIVEIRA
31/01/2025;;33;361,06;;903 - Adiantamento sem ded. IR 01/2025 col.:20 - ANDREIA CRISTINA SANTOS DE OLIVEIRA
31/01/2025;;456;54,16;;803 - Vale transporte 01/2025 col.:20 - ANDREIA CRISTINA SANTOS DE OLIVEIRA
31/01/2025;456;;902,64;;5 - Salário mensalista 01/2025 col.:20 - ANDREIA CRISTINA SANTOS DE OLIVEIRA
31/01/2025;;160;419,73;;Líquido Folha normal 01/2025 col.:20 - ANDREIA CRISTINA SANTOS DE OLIVEIRA
31/01/2025;468;172;72,21;;FGTS folha normal 01/2025 col.:18 - ARLETE LEINDECKER OTTONI
31/01/2025;;171;67,69;;91005 - INSS 01/2025 col.:18 - ARLETE LEINDECKER OTTONI
31/01/2025;;33;361,06;;903 - Adiantamento sem ded. IR 01/2025 col.:18 - ARLETE LEINDECKER OTTONI
31/01/2025;;456;54,16;;803 - Vale transporte 01/2025 col.:18 - ARLETE LEINDECKER OTTONI
31/01/2025;456;;902,64;;5 - Salário mensalista 01/2025 col.:18 - ARLETE LEINDECKER OTTONI
31/01/2025;;160;419,73;;Líquido Folha normal 01/2025 col.:18 - ARLETE LEINDECKER OTTONI
31/01/2025;468;172;255,68;;FGTS folha normal 01/2025 col.:17 - GREICE MARIA DOS SANTOS MACHADO
31/01/2025;;184;27,91;;91505 - IR 01/2025 col.:17 - GREICE MARIA DOS SANTOS MACHADO
31/01/2025;;171;276,93;;91005 - INSS 01/2025 col.:17 - GREICE MARIA DOS SANTOS MACHADO
31/01/2025;;33;1.278,44;;903 - Adiantamento sem ded. IR 01/2025 col.:17 - GREICE MARIA DOS SANTOS MACHADO
31/01/2025;;456;191,77;;803 - Vale transporte 01/2025 col.:17 - GREICE MARIA DOS SANTOS MACHADO
31/01/2025;456;;3.196,11;;5 - Salário mensalista 01/2025 col.:17 - GREICE MARIA DOS SANTOS MACHADO
31/01/2025;;160;1.421,06;;Líquido Folha normal 01/2025 col.:17 - GREICE MARIA DOS SANTOS MACHADO
31/01/2025;;171;902,64;;89105 - Desconto de situação auxílio doença 01/2025 col.:16 - ROSANE RAMOS NUNES
31/01/2025;171;;902,64;;81005 - Situação auxílio doença 01/2025 col.:16 - ROSANE RAMOS NUNES
31/01/2025;179;172;256,74;;FGTS férias folha 01/2025 col.:14 - LAURO TEIXEIRA RODH
31/01/2025;468;172;48,14;;FGTS folha normal 01/2025 col.:14 - LAURO TEIXEIRA RODH
31/01/2025;;39;2.889,08;;14503 - Desconto de férias 01/2025 col.:14 - LAURO TEIXEIRA RODH
31/01/2025;;171;30,45;;91005 - INSS 01/2025 col.:14 - LAURO TEIXEIRA RODH
31/01/2025;;171;320,28;;91025 - INSS demonstrativo férias 01/2025 col.:14 - LAURO TEIXEIRA RODH
31/01/2025;177;;802,34;;10993 - Demonstrativo 1/3 férias 01/2025 col.:14 - LAURO TEIXEIRA RODH
31/01/2025;177;;2.407,02;;10005 - Demonstrativo de férias 01/2025 col.:14 - LAURO TEIXEIRA RODH
31/01/2025;456;;601,76;;5 - Salário mensalista 01/2025 col.:14 - LAURO TEIXEIRA RODH
31/01/2025;;160;571,31;;Líquido Folha normal 01/2025 col.:14 - LAURO TEIXEIRA RODH
31/01/2025;179;172;93,69;;FGTS férias folha 01/2025 col.:12 - ANA CLAUDIA DOS SANTOS PINTO
31/01/2025;468;172;17,57;;FGTS folha normal 01/2025 col.:12 - ANA CLAUDIA DOS SANTOS PINTO
31/01/2025;;39;1.082,62;;14503 - Desconto de férias 01/2025 col.:12 - ANA CLAUDIA DOS SANTOS PINTO
31/01/2025;;171;15,69;;91005 - INSS 01/2025 col.:12 - ANA CLAUDIA DOS SANTOS PINTO
31/01/2025;171;;65;;95005 - Salário família 01/2025 col.:12 - ANA CLAUDIA DOS SANTOS PINTO
31/01/2025;;171;88,62;;91025 - INSS demonstrativo férias 01/2025 col.:12 - ANA CLAUDIA DOS SANTOS PINTO
31/01/2025;;456;13,18;;803 - Vale transporte 01/2025 col.:12 - ANA CLAUDIA DOS SANTOS PINTO
31/01/2025;177;;292,81;;10993 - Demonstrativo 1/3 férias 01/2025 col.:12 - ANA CLAUDIA DOS SANTOS PINTO
31/01/2025;177;;878,43;;10005 - Demonstrativo de férias 01/2025 col.:12 - ANA CLAUDIA DOS SANTOS PINTO
31/01/2025;456;;219,61;;5 - Salário mensalista 01/2025 col.:12 - ANA CLAUDIA DOS SANTOS PINTO
31/01/2025;;160;255,74;;Líquido Folha normal 01/2025 col.:12 - ANA CLAUDIA DOS SANTOS PINTO
31/01/2025;;171;1.156,80;;89105 - Desconto de situação auxílio doença 01/2025 col.:9 - TATIANE DA SILVA NUNES BARBOSA
31/01/2025;171;;192,8;;81032 - Sit. aux. doença adic. insalubridade 01/2025 col.:9 - TATIANE DA SILVA NUNES BARBOSA
31/01/2025;171;;964;;81005 - Situação auxílio doença 01/2025 col.:9 - TATIANE DA SILVA NUNES BARBOSA
31/01/2025;179;172;185,6;;FGTS férias folha 01/2025 col.:8 - SILVIA TARUEL RITTES TOLEDO
31/01/2025;468;172;34,8;;FGTS folha normal 01/2025 col.:8 - SILVIA TARUEL RITTES TOLEDO
31/01/2025;;39;2.116,69;;14503 - Desconto de férias 01/2025 col.:8 - SILVIA TARUEL RITTES TOLEDO
31/01/2025;;171;21,87;;91005 - INSS 01/2025 col.:8 - SILVIA TARUEL RITTES TOLEDO
31/01/2025;;171;203,31;;91025 - INSS demonstrativo férias 01/2025 col.:8 - SILVIA TARUEL RITTES TOLEDO
31/01/2025;;456;26,1;;803 - Vale transporte 01/2025 col.:8 - SILVIA TARUEL RITTES TOLEDO
31/01/2025;177;;580;;10993 - Demonstrativo 1/3 férias 01/2025 col.:8 - SILVIA TARUEL RITTES TOLEDO
31/01/2025;177;;1.740,00;;10005 - Demonstrativo de férias 01/2025 col.:8 - SILVIA TARUEL RITTES TOLEDO
31/01/2025;456;;435;;5 - Salário mensalista 01/2025 col.:8 - SILVIA TARUEL RITTES TOLEDO
31/01/2025;;160;387,03;;Líquido Folha normal 01/2025 col.:8 - SILVIA TARUEL RITTES TOLEDO
31/01/2025;179;172;123,73;;FGTS férias folha 01/2025 col.:7 - MARIA ADRIANA SILVEIRA DA SILVA
31/01/2025;468;172;23,2;;FGTS folha normal 01/2025 col.:7 - MARIA ADRIANA SILVEIRA DA SILVA
31/01/2025;;39;1.422,85;;14503 - Desconto de férias 01/2025 col.:7 - MARIA ADRIANA SILVEIRA DA SILVA
31/01/2025;;171;18,71;;91005 - INSS 01/2025 col.:7 - MARIA ADRIANA SILVEIRA DA SILVA
31/01/2025;171;;65;;95005 - Salário família 01/2025 col.:7 - MARIA ADRIANA SILVEIRA DA SILVA
31/01/2025;;171;123,81;;91025 - INSS demonstrativo férias 01/2025 col.:7 - MARIA ADRIANA SILVEIRA DA SILVA
31/01/2025;177;;386,66;;10993 - Demonstrativo 1/3 férias 01/2025 col.:7 - MARIA ADRIANA SILVEIRA DA SILVA
31/01/2025;177;;1.160,00;;10005 - Demonstrativo de férias 01/2025 col.:7 - MARIA ADRIANA SILVEIRA DA SILVA
31/01/2025;456;;290;;5 - Salário mensalista 01/2025 col.:7 - MARIA ADRIANA SILVEIRA DA SILVA
31/01/2025;;160;336,29;;Líquido Folha normal 01/2025 col.:7 - MARIA ADRIANA SILVEIRA DA SILVA
31/01/2025;179;172;153,41;;FGTS Férias folha 01/2025 col.:1 - DENISE IENCZAK FERRI
31/01/2025;468;172;268,47;;FGTS Folha normal 01/2025 col.:1 - DENISE IENCZAK FERRI
31/01/2025;;184;39,89;;91505 - IR 01/2025 col.:1 - DENISE IENCZAK FERRI
31/01/2025;;171;186,47;;91025 - INSS demonstrativo férias 01/2025 col.:1 - DENISE IENCZAK FERRI
31/01/2025;;171;361,41;;91005 - INSS 01/2025 col.:1 - DENISE IENCZAK FERRI
31/01/2025;;33;1.342,36;;903 - Adiantamento sem ded. IR 01/2025 col.:1 - DENISE IENCZAK FERRI
31/01/2025;;39;1.731,20;;14503 - Desconto de férias 01/2025 col.:1 - DENISE IENCZAK FERRI
31/01/2025;177;;479,42;;10993 - Demonstrativo 1/3 férias 01/2025 col.:1 - DENISE IENCZAK FERRI
31/01/2025;177;;1.438,25;;10005 - Demonstrativo de férias 01/2025 col.:1 - DENISE IENCZAK FERRI
31/01/2025;456;;3.355,91;;5 - Salário mensalista 01/2025 col.:1 - DENISE IENCZAK FERRI
31/01/2025;;160;1.612,25;;Líquido Folha normal 01/2025 col.:1 - DENISE IENCZAK FERRI
31/01/2025;468;172;116;;FGTS folha normal 01/2025 col.:19 - ADRIANE RIBEIRO RADIN
31/01/2025;;171;108,75;;91005 - INSS 01/2025 col.:19 - ADRIANE RIBEIRO RADIN
31/01/2025;171;;65;;95005 - Salário família 01/2025 col.:19 - ADRIANE RIBEIRO RADIN
31/01/2025;456;;48,33;;2005 - Atestado 01/2025 col.:19 - ADRIANE RIBEIRO RADIN
31/01/2025;;33;580;;903 - Adiantamento sem ded. IR 01/2025 col.:19 - ADRIANE RIBEIRO RADIN
31/01/2025;;456;200;;872 - Vale 01/2025 col.:19 - ADRIANE RIBEIRO RADIN
31/01/2025;;456;87;;803 - Vale transporte 01/2025 col.:19 - ADRIANE RIBEIRO RADIN
31/01/2025;456;;1.401,67;;5 - Salário mensalista 01/2025 col.:19 - ADRIANE RIBEIRO RADIN
31/01/2025;;160;539,25;;Líquido Folha normal 01/2025 col.:19 - ADRIANE RIBEIRO RADIN
15/01/2025;33;160;580;;Líquido Adiantamento salário 01/2025 col.:21 - MONICA SULZBACHER
15/01/2025;33;160;361,06;;Líquido Adiantamento salário 01/2025 col.:20 - ANDREIA CRISTINA SANTOS DE OLIVEIRA
15/01/2025;33;160;580;;Líquido Adiantamento salário 01/2025 col.:19 - ADRIANE RIBEIRO RADIN
15/01/2025;33;160;361,06;;Líquido Adiantamento salário 01/2025 col.:18 - ARLETE LEINDECKER OTTONI
15/01/2025;33;160;1.278,44;;Líquido Adiantamento salário 01/2025 col.:17 - GREICE MARIA DOS SANTOS MACHADO
15/01/2025;33;160;1.342,36;;Líquido Adiantamento salário 01/2025 col.:1 - DENISE IENCZAK FERRI
